system:index,Date,Latitude,Longitude,LST_Celsius,NDVI,Air_Temperature_C,Dew_Point_Temperature_C,Relative_Humidity_%,WindDirection,WindSpeed,Rainfall_mm,impervious_percentage,Cluster,UHI_Label
20250331_0,2025-03-31,18.869522522522523,72.76850980392157,-999.0,-999.0,-999.0,-999.0,-999.0,-999.0,-999.0,-999.0,0.0,0,Moderate UHI
20250331_1,2025-03-31,18.869522522522523,72.81752941176471,-999.0,-999.0,-999.0,-999.0,-999.0,-999.0,-999.0,-999.0,0.0,0,Moderate UHI
20250331_2,2025-03-31,18.869522522522523,72.86654901960785,-999.0,-999.0,-999.0,-999.0,-999.0,-999.0,-999.0,-999.0,0.0,0,Moderate UHI
20250331_3,2025-03-31,18.869522522522523,72.91556862745098,-999.0,-999.0,-999.0,-999.0,-999.0,-999.0,-999.0,-999.0,5.300383071077714,0,Moderate UHI
20250331_4,2025-03-31,18.869522522522523,72.96458823529412,29.705378468831384,0.3001,29.705378468831384,20.659530258178734,58.31571428318223,103.29184392387276,1.2898157406761306,0.0552713869979015,7.1653321356824655,1,High UHI
20250331_5,2025-03-31,18.869522522522523,73.01360784313725,29.705378468831384,0.2124,29.705378468831384,20.659530258178734,58.31571428318223,103.29184392387276,1.2898157406761306,0.0552713869979015,2.9758604391325103,1,High UHI
20250331_6,2025-03-31,18.869522522522523,73.06262745098039,30.018936411539755,0.4622,30.018936411539755,19.852401351928734,54.48347434719263,82.73602419914474,0.9091669383737204,0.0369280575682751,1.031847242506319,1,High UHI
20250331_7,2025-03-31,18.869522522522523,73.11164705882352,30.018936411539755,0.3728,30.018936411539755,19.852401351928734,54.48347434719263,82.73602419914474,0.9091669383737204,0.0369280575682751,1.240702748853616,1,High UHI
20250331_8,2025-03-31,18.869522522522523,73.16066666666666,30.300349171956384,0.2992,30.300349171956384,19.072127914428734,51.06904641780733,76.1281727789711,0.7505213093270121,0.0934034584929577,7.01011945403502,1,High UHI
20250331_9,2025-03-31,18.869522522522523,73.20968627450979,30.300349171956384,0.2623,30.300349171956384,19.072127914428734,51.06904641780733,76.1281727789711,0.7505213093270121,0.0934034584929577,4.863724107157149,1,High UHI
20250331_10,2025-03-31,18.869522522522523,73.25870588235293,30.59714279174807,0.3462,30.59714279174807,18.08864809672042,47.20761994778146,85.51920793274711,0.662582558124892,0.1906782387663952,0.9473114045496324,1,High UHI
20250331_11,2025-03-31,18.869522522522523,73.30772549019606,30.59714279174807,0.3968,30.59714279174807,18.08864809672042,47.20761994778146,85.51920793274711,0.662582558124892,0.1906782387663952,0.4719817776831533,1,High UHI
20250331_12,2025-03-31,18.869522522522523,73.3567450980392,30.59714279174807,0.3058,30.432998911539755,16.549748357137048,43.233952594628825,94.95978927958556,0.6527068167124574,0.2658545969893566,0.7433564989707797,1,High UHI
20250331_13,2025-03-31,18.869522522522523,73.40576470588233,30.432998911539755,0.2769,30.432998911539755,16.549748357137048,43.233952594628825,94.95978927958556,0.6527068167124574,0.2658545969893566,0.1596388174743652,1,High UHI
20250331_14,2025-03-31,18.869522522522523,73.45478431372547,29.609431203206384,0.4356,29.609431203206384,14.865340805053734,40.695717678427386,99.77198763474588,0.7515396479110519,0.2049684523512951,0.1404447033996582,1,High UHI
20250331_15,2025-03-31,18.869522522522523,73.5038039215686,29.609431203206384,0.5031,29.609431203206384,14.865340805053734,40.695717678427386,99.77198763474588,0.7515396479110519,0.2049684523512951,0.4711886691583371,1,High UHI
20250331_16,2025-03-31,18.869522522522523,73.55282352941174,29.001765187581384,0.2215,29.609431203206384,14.865340805053734,40.695717678427386,99.77198763474588,0.7515396479110519,0.2049684523512951,0.8043534876264986,1,High UHI
20250331_17,2025-03-31,18.869522522522523,73.60184313725487,29.001765187581384,0.3165,29.001765187581384,13.550643539428734,38.70930215415247,108.61936953079427,0.8701638535982418,0.1061588524748913,0.963431569887647,1,High UHI
20250331_18,2025-03-31,18.869522522522523,73.65086274509801,29.645889536539755,0.2983,29.001765187581384,13.550643539428734,38.70930215415247,108.61936953079427,0.8701638535982418,0.1061588524748913,0.7113591531111176,1,High UHI
20250331_19,2025-03-31,18.869522522522523,73.69988235294115,29.645889536539755,0.257,29.645889536539755,12.731877263387048,35.352155791275194,117.70082792950448,0.9775539812233568,0.0214457510878673,1.016377891718247,1,High UHI
20250331_20,2025-03-31,18.91456756756757,72.76850980392157,-999.0,-999.0,-999.0,-999.0,-999.0,-999.0,-999.0,-999.0,0.0,0,Moderate UHI
20250331_21,2025-03-31,18.91456756756757,72.81752941176471,-999.0,-999.0,-999.0,-999.0,-999.0,-999.0,-999.0,-999.0,16.14942660556748,4,Moderate-High UHI
20250331_22,2025-03-31,18.91456756756757,72.86654901960785,-999.0,-999.0,-999.0,-999.0,-999.0,-999.0,-999.0,-999.0,0.3134974762636671,0,Moderate UHI
20250331_23,2025-03-31,18.91456756756757,72.91556862745098,-999.0,-999.0,-999.0,-999.0,-999.0,-999.0,-999.0,-999.0,2.187462824560667,0,Moderate UHI
20250331_24,2025-03-31,18.91456756756757,72.96458823529412,29.705378468831384,0.5566,29.705378468831384,20.659530258178734,58.31571428318223,103.29184392387276,1.2898157406761306,0.0552713869979015,7.2080297671527935,1,High UHI
20250331_25,2025-03-31,18.91456756756757,73.01360784313725,29.705378468831384,0.1623,29.705378468831384,20.659530258178734,58.31571428318223,103.29184392387276,1.2898157406761306,0.0552713869979015,10.738000203220148,1,High UHI
20250331_26,2025-03-31,18.91456756756757,73.06262745098039,30.018936411539755,0.4223,30.018936411539755,19.852401351928734,54.48347434719263,82.73602419914474,0.9091669383737204,0.0369280575682751,3.008065006797641,1,High UHI
20250331_27,2025-03-31,18.91456756756757,73.11164705882352,30.018936411539755,0.4418,30.018936411539755,19.852401351928734,54.48347434719263,82.73602419914474,0.9091669383737204,0.0369280575682751,2.015912492093076,1,High UHI
20250331_28,2025-03-31,18.91456756756757,73.16066666666666,30.300349171956384,0.4139,30.300349171956384,19.072127914428734,51.06904641780733,76.1281727789711,0.7505213093270121,0.0934034584929577,2.798515023117005,1,High UHI
20250331_29,2025-03-31,18.91456756756757,73.20968627450979,30.300349171956384,0.2784,30.300349171956384,19.072127914428734,51.06904641780733,76.1281727789711,0.7505213093270121,0.0934034584929577,4.66753513928893,1,High UHI
20250331_30,2025-03-31,18.91456756756757,73.25870588235293,30.59714279174807,0.0326,30.59714279174807,18.08864809672042,47.20761994778146,85.51920793274711,0.662582558124892,0.1906782387663952,3.416843534310734,1,High UHI
20250331_31,2025-03-31,18.91456756756757,73.30772549019606,30.59714279174807,0.349,30.59714279174807,18.08864809672042,47.20761994778146,85.51920793274711,0.662582558124892,0.1906782387663952,3.5395654934503287,1,High UHI
20250331_32,2025-03-31,18.91456756756757,73.3567450980392,30.59714279174807,0.3328,30.432998911539755,16.549748357137048,43.233952594628825,94.95978927958556,0.6527068167124574,0.2658545969893566,1.230530357757449,1,High UHI
20250331_33,2025-03-31,18.91456756756757,73.40576470588233,30.432998911539755,0.5592,30.432998911539755,16.549748357137048,43.233952594628825,94.95978927958556,0.6527068167124574,0.2658545969893566,0.0682767725590724,1,High UHI
20250331_34,2025-03-31,18.91456756756757,73.45478431372547,29.609431203206384,0.3101,29.609431203206384,14.865340805053734,40.695717678427386,99.77198763474588,0.7515396479110519,0.2049684523512951,0.1798343162838206,1,High UHI
20250331_35,2025-03-31,18.91456756756757,73.5038039215686,29.609431203206384,0.2948,29.609431203206384,14.865340805053734,40.695717678427386,99.77198763474588,0.7515396479110519,0.2049684523512951,0.3773357499678068,1,High UHI
20250331_36,2025-03-31,18.91456756756757,73.55282352941174,29.001765187581384,0.34,29.609431203206384,14.865340805053734,40.695717678427386,99.77198763474588,0.7515396479110519,0.2049684523512951,0.2906468395513796,1,High UHI
20250331_37,2025-03-31,18.91456756756757,73.60184313725487,29.001765187581384,0.2881,29.001765187581384,13.550643539428734,38.70930215415247,108.61936953079427,0.8701638535982418,0.1061588524748913,0.4012370534667969,1,High UHI
20250331_38,2025-03-31,18.91456756756757,73.65086274509801,29.645889536539755,0.2405,29.001765187581384,13.550643539428734,38.70930215415247,108.61936953079427,0.8701638535982418,0.1061588524748913,0.6864787326174269,1,High UHI
20250331_39,2025-03-31,18.91456756756757,73.69988235294115,29.645889536539755,0.2394,29.645889536539755,12.731877263387048,35.352155791275194,117.70082792950448,0.9775539812233568,0.0214457510878673,0.405452706060432,1,High UHI
20250331_40,2025-03-31,18.959612612612617,72.76850980392157,-999.0,-999.0,-999.0,-999.0,-999.0,-999.0,-999.0,-999.0,0.0563553744718663,0,Moderate UHI
20250331_41,2025-03-31,18.959612612612617,72.81752941176471,-999.0,0.1968,-999.0,-999.0,-999.0,-999.0,-999.0,-999.0,38.158507590761786,4,Moderate-High UHI
20250331_42,2025-03-31,18.959612612612617,72.86654901960785,-999.0,-999.0,29.239639536539755,21.289413070678734,62.27193314146352,113.4213322598702,1.9801852516109744,0.0888288020064465,8.4600852266221,1,High UHI
20250331_43,2025-03-31,18.959612612612617,72.91556862745098,29.239639536539755,-999.0,29.239639536539755,21.289413070678734,62.27193314146352,113.4213322598702,1.9801852516109744,0.0888288020064465,0.4499640649300369,1,High UHI
20250331_44,2025-03-31,18.959612612612617,72.96458823529412,30.18674240112307,-999.0,30.18674240112307,20.208358383178734,55.16372917040676,93.41024489437972,1.2756296199087218,0.0515013932158581,5.179285284374163,1,High UHI
20250331_45,2025-03-31,18.959612612612617,73.01360784313725,30.18674240112307,0.1744,30.18674240112307,20.208358383178734,55.16372917040676,93.41024489437972,1.2756296199087218,0.0515013932158581,11.477040505849684,1,High UHI
20250331_46,2025-03-31,18.959612612612617,73.06262745098039,30.325251515706384,0.1571,30.325251515706384,19.337264633178734,51.846080295539466,76.26072396942372,1.0391057528737453,0.0372856854369274,5.707899874853994,1,High UHI
20250331_47,2025-03-31,18.959612612612617,73.11164705882352,30.325251515706384,0.3221,30.325251515706384,19.337264633178734,51.846080295539466,76.26072396942372,1.0391057528737453,0.0372856854369274,9.367211387101475,1,High UHI
20250331_48,2025-03-31,18.959612612612617,73.16066666666666,30.296280161539755,0.3195,30.296280161539755,18.35769106547042,48.84754359769849,70.28883830789624,0.8940996640569872,0.0949084757735363,6.836278295734004,1,High UHI
20250331_49,2025-03-31,18.959612612612617,73.20968627450979,30.296280161539755,0.3887,30.296280161539755,18.35769106547042,48.84754359769849,70.28883830789624,0.8940996640569872,0.0949084757735363,0.8131996167580998,1,High UHI
20250331_50,2025-03-31,18.959612612612617,73.25870588235293,30.78854904174807,0.5596,30.78854904174807,17.805607732137048,45.86878871002899,77.21649907920424,0.7880205030125059,0.1928389071395031,0.0780840116471832,1,High UHI
20250331_51,2025-03-31,18.959612612612617,73.30772549019606,30.78854904174807,0.2913,30.78854904174807,17.805607732137048,45.86878871002899,77.21649907920424,0.7880205030125059,0.1928389071395031,0.7958386936969831,1,High UHI
20250331_52,2025-03-31,18.959612612612617,73.3567450980392,30.78854904174807,0.3023,31.19528732299807,17.05788637797042,42.7472875525791,80.20422909316957,0.7098677469930949,0.25397837151786,1.0278308544748342,1,High UHI
20250331_53,2025-03-31,18.959612612612617,73.40576470588233,31.19528732299807,0.309,31.19528732299807,17.05788637797042,42.7472875525791,80.20422909316957,0.7098677469930949,0.25397837151786,0.4315390321210076,1,High UHI
20250331_54,2025-03-31,18.959612612612617,73.45478431372547,30.308405812581384,0.4037,30.308405812581384,15.09475161234542,39.67334019066431,95.32624094033244,0.7100506329860777,0.2047002314498058,0.2424398436969831,1,High UHI
20250331_55,2025-03-31,18.959612612612617,73.5038039215686,30.308405812581384,0.4961,30.308405812581384,15.09475161234542,39.67334019066431,95.32624094033244,0.7100506329860777,0.2047002314498058,0.1667061137789857,1,High UHI
20250331_56,2025-03-31,18.959612612612617,73.55282352941174,29.00778732299807,0.3552,30.308405812581384,15.09475161234542,39.67334019066431,95.32624094033244,0.7100506329860777,0.2047002314498058,0.1922834982910156,1,High UHI
20250331_57,2025-03-31,18.959612612612617,73.60184313725487,29.00778732299807,0.3714,29.00778732299807,12.763859685262048,36.75742567481032,107.60715606556808,0.8201330813701311,0.1073360442092052,0.6563091116962507,1,High UHI
20250331_58,2025-03-31,18.959612612612617,73.65086274509801,29.186661020914755,0.3359,29.00778732299807,12.763859685262048,36.75742567481032,107.60715606556808,0.8201330813701311,0.1073360442092052,0.6633617868365119,1,High UHI
20250331_59,2025-03-31,18.959612612612617,73.69988235294115,29.186661020914755,0.3187,29.186661020914755,11.703719711303734,33.927853967552565,117.72150209262996,0.904630131604174,0.0307589768340221,0.7355369796009736,1,High UHI
20250331_60,2025-03-31,19.004657657657663,72.76850980392157,-999.0,-999.0,-999.0,-999.0,-999.0,-999.0,-999.0,-999.0,0.0,0,Moderate UHI
20250331_61,2025-03-31,19.004657657657663,72.81752941176471,-999.0,-999.0,-999.0,-999.0,-999.0,-999.0,-999.0,-999.0,27.39762469659676,4,Moderate-High UHI
20250331_62,2025-03-31,19.004657657657663,72.86654901960785,-999.0,0.4437,29.239639536539755,21.289413070678734,62.27193314146352,113.4213322598702,1.9801852516109744,0.0888288020064465,26.54185091410085,4,Moderate-High UHI
20250331_63,2025-03-31,19.004657657657663,72.91556862745098,29.239639536539755,0.5017,29.239639536539755,21.289413070678734,62.27193314146352,113.4213322598702,1.9801852516109744,0.0888288020064465,16.048337224424955,1,High UHI
20250331_64,2025-03-31,19.004657657657663,72.96458823529412,30.18674240112307,-999.0,30.18674240112307,20.208358383178734,55.16372917040676,93.41024489437972,1.2756296199087218,0.0515013932158581,0.0011284523620605,1,High UHI
20250331_65,2025-03-31,19.004657657657663,73.01360784313725,30.18674240112307,0.2426,30.18674240112307,20.208358383178734,55.16372917040676,93.41024489437972,1.2756296199087218,0.0515013932158581,14.24601500553171,1,High UHI
20250331_66,2025-03-31,19.004657657657663,73.06262745098039,30.325251515706384,-999.0,30.325251515706384,19.337264633178734,51.846080295539466,76.26072396942372,1.0391057528737453,0.0372856854369274,6.069426989534154,1,High UHI
20250331_67,2025-03-31,19.004657657657663,73.11164705882352,30.325251515706384,0.3184,30.325251515706384,19.337264633178734,51.846080295539466,76.26072396942372,1.0391057528737453,0.0372856854369274,32.47337291454434,4,Moderate-High UHI
20250331_68,2025-03-31,19.004657657657663,73.16066666666666,30.296280161539755,0.3211,30.296280161539755,18.35769106547042,48.84754359769849,70.28883830789624,0.8940996640569872,0.0949084757735363,3.536095902658861,1,High UHI
20250331_69,2025-03-31,19.004657657657663,73.20968627450979,30.296280161539755,0.3141,30.296280161539755,18.35769106547042,48.84754359769849,70.28883830789624,0.8940996640569872,0.0949084757735363,0.5533090714817424,1,High UHI
20250331_70,2025-03-31,19.004657657657663,73.25870588235293,30.78854904174807,0.4667,30.78854904174807,17.805607732137048,45.86878871002899,77.21649907920424,0.7880205030125059,0.1928389071395031,0.6559474896134919,1,High UHI
20250331_71,2025-03-31,19.004657657657663,73.30772549019606,30.78854904174807,0.3706,30.78854904174807,17.805607732137048,45.86878871002899,77.21649907920424,0.7880205030125059,0.1928389071395031,1.716040925724523,1,High UHI
20250331_72,2025-03-31,19.004657657657663,73.3567450980392,30.78854904174807,0.4605,31.19528732299807,17.05788637797042,42.7472875525791,80.20422909316957,0.7098677469930949,0.25397837151786,0.6643033821281883,1,High UHI
20250331_73,2025-03-31,19.004657657657663,73.40576470588233,31.19528732299807,0.3234,31.19528732299807,17.05788637797042,42.7472875525791,80.20422909316957,0.7098677469930949,0.25397837151786,0.6365130125239353,1,High UHI
20250331_74,2025-03-31,19.004657657657663,73.45478431372547,30.308405812581384,0.331,30.308405812581384,15.09475161234542,39.67334019066431,95.32624094033244,0.7100506329860777,0.2047002314498058,0.3092376123657226,1,High UHI
20250331_75,2025-03-31,19.004657657657663,73.5038039215686,30.308405812581384,0.3959,30.308405812581384,15.09475161234542,39.67334019066431,95.32624094033244,0.7100506329860777,0.2047002314498058,0.4869656893874223,1,High UHI
20250331_76,2025-03-31,19.004657657657663,73.55282352941174,29.00778732299807,0.3963,30.308405812581384,15.09475161234542,39.67334019066431,95.32624094033244,0.7100506329860777,0.2047002314498058,0.048911354522705,1,High UHI
20250331_77,2025-03-31,19.004657657657663,73.60184313725487,29.00778732299807,0.368,29.00778732299807,12.763859685262048,36.75742567481032,107.60715606556808,0.8201330813701311,0.1073360442092052,0.2552408354777018,1,High UHI
20250331_78,2025-03-31,19.004657657657663,73.65086274509801,29.186661020914755,0.2714,29.00778732299807,12.763859685262048,36.75742567481032,107.60715606556808,0.8201330813701311,0.1073360442092052,0.9162934783423332,1,High UHI
20250331_79,2025-03-31,19.004657657657663,73.69988235294115,29.186661020914755,0.2545,29.186661020914755,11.703719711303734,33.927853967552565,117.72150209262996,0.904630131604174,0.0307589768340221,0.7580502551421522,1,High UHI
20250331_80,2025-03-31,19.04970270270271,72.76850980392157,-999.0,-999.0,-999.0,-999.0,-999.0,-999.0,-999.0,-999.0,0.0,0,Moderate UHI
20250331_81,2025-03-31,19.04970270270271,72.81752941176471,-999.0,0.1129,-999.0,-999.0,-999.0,-999.0,-999.0,-999.0,14.959129932449148,4,Moderate-High UHI
20250331_82,2025-03-31,19.04970270270271,72.86654901960785,-999.0,0.2818,29.99899826049807,19.627140935262048,53.78837867281132,114.68920523207534,1.811817740200068,0.0574916600157848,49.6520981337696,4,Moderate-High UHI
20250331_83,2025-03-31,19.04970270270271,72.91556862745098,29.99899826049807,0.3111,29.99899826049807,19.627140935262048,53.78837867281132,114.68920523207534,1.811817740200068,0.0574916600157848,36.68295579631104,4,Moderate-High UHI
20250331_84,2025-03-31,19.04970270270271,72.96458823529412,30.47018966674807,-0.0281,30.47018966674807,19.25368715922042,51.1498536308243,98.65212751232616,1.4811236704858368,0.0477164982726208,3.880214882003964,1,High UHI
20250331_85,2025-03-31,19.04970270270271,73.01360784313725,30.47018966674807,0.3,30.47018966674807,19.25368715922042,51.1498536308243,98.65212751232616,1.4811236704858368,0.0477164982726208,31.19397890821344,4,Moderate-High UHI
20250331_86,2025-03-31,19.04970270270271,73.06262745098039,30.71481857299807,0.5272,30.71481857299807,18.223006820678734,47.28829403331554,77.6113467744287,1.14083706692376,0.0215947626998058,16.52134231921607,1,High UHI
20250331_87,2025-03-31,19.04970270270271,73.11164705882352,30.71481857299807,0.2655,30.71481857299807,18.223006820678734,47.28829403331554,77.6113467744287,1.14083706692376,0.0215947626998058,27.5920199540876,4,Moderate-High UHI
20250331_88,2025-03-31,19.04970270270271,73.16066666666666,30.650284067789755,0.3677,30.650284067789755,17.129500961303734,44.29985714914092,74.83319974699943,1.0009858431790095,0.0875920056273571,2.135980026571597,1,High UHI
20250331_89,2025-03-31,19.04970270270271,73.20968627450979,30.650284067789755,0.3359,30.650284067789755,17.129500961303734,44.29985714914092,74.83319974699943,1.0009858431790095,0.0875920056273571,0.5691478031200933,1,High UHI
20250331_90,2025-03-31,19.04970270270271,73.25870588235293,31.104060109456384,0.4426,31.104060109456384,16.641789372762048,41.85019425282665,78.0384052965798,0.9096172596966652,0.1607716082503429,0.1301426832885742,1,High UHI
20250331_91,2025-03-31,19.04970270270271,73.30772549019606,31.104060109456384,0.2634,31.104060109456384,16.641789372762048,41.85019425282665,78.0384052965798,0.9096172596966652,0.1607716082503429,2.588970725247141,1,High UHI
20250331_92,2025-03-31,19.04970270270271,73.3567450980392,31.104060109456384,0.4284,31.62228927612307,16.835555648803734,41.13638515860654,73.34064656151395,0.8425492840326332,0.1609504221846691,0.2696067114056755,1,High UHI
20250331_93,2025-03-31,19.04970270270271,73.40576470588233,31.62228927612307,0.3682,31.62228927612307,16.835555648803734,41.13638515860654,73.34064656151395,0.8425492840326332,0.1609504221846691,0.5275860930494117,1,High UHI
20250331_94,2025-03-31,19.04970270270271,73.45478431372547,30.847956593831384,0.3121,30.847956593831384,14.810978825887048,37.76929490083317,85.89290598307613,0.7295696909264471,0.1571059225966564,0.2117447032775879,1,High UHI
20250331_95,2025-03-31,19.04970270270271,73.5038039215686,30.847956593831384,0.4861,30.847956593831384,14.810978825887048,37.76929490083317,85.89290598307613,0.7295696909264471,0.1571059225966564,0.1062451894672468,1,High UHI
20250331_96,2025-03-31,19.04970270270271,73.55282352941174,29.14865646362307,0.4761,30.847956593831384,14.810978825887048,37.76929490083317,85.89290598307613,0.7295696909264471,0.1571059225966564,0.1868534180836397,1,High UHI
20250331_97,2025-03-31,19.04970270270271,73.60184313725487,29.14865646362307,0.5705,29.14865646362307,11.915145492553734,34.48042217051104,102.06292331117778,0.7507432343933357,0.1011222599913708,0.709508385532753,1,High UHI
20250331_98,2025-03-31,19.04970270270271,73.65086274509801,28.69724044799807,0.3784,29.14865646362307,11.915145492553734,34.48042217051104,102.06292331117778,0.7507432343933357,0.1011222599913708,0.6001474097311577,1,High UHI
20250331_99,2025-03-31,19.04970270270271,73.69988235294115,28.69724044799807,0.3739,28.69724044799807,10.536483383178734,32.302383407379814,113.8898688797063,0.8078986915108752,0.0301331280638805,0.3062502352939979,1,High UHI
20250331_100,2025-03-31,19.09474774774776,72.76850980392157,-999.0,-999.0,-999.0,-999.0,-999.0,-999.0,-999.0,-999.0,0.0,0,Moderate UHI
20250331_101,2025-03-31,19.09474774774776,72.81752941176471,-999.0,-999.0,-999.0,-999.0,-999.0,-999.0,-999.0,-999.0,18.24881025463556,4,Moderate-High UHI
20250331_102,2025-03-31,19.09474774774776,72.86654901960785,-999.0,0.1497,29.99899826049807,19.627140935262048,53.78837867281132,114.68920523207534,1.811817740200068,0.0574916600157848,60.38015097944464,4,Moderate-High UHI
20250331_103,2025-03-31,19.09474774774776,72.91556862745098,29.99899826049807,0.2515,29.99899826049807,19.627140935262048,53.78837867281132,114.68920523207534,1.811817740200068,0.0574916600157848,35.31615356393395,4,Moderate-High UHI
20250331_104,2025-03-31,19.09474774774776,72.96458823529412,30.47018966674807,-999.0,30.47018966674807,19.25368715922042,51.1498536308243,98.65212751232616,1.4811236704858368,0.0477164982726208,0.604274619021665,1,High UHI
20250331_105,2025-03-31,19.09474774774776,73.01360784313725,30.47018966674807,0.2265,30.47018966674807,19.25368715922042,51.1498536308243,98.65212751232616,1.4811236704858368,0.0477164982726208,42.990394788291376,4,Moderate-High UHI
20250331_106,2025-03-31,19.09474774774776,73.06262745098039,30.71481857299807,0.3649,30.71481857299807,18.223006820678734,47.28829403331554,77.6113467744287,1.14083706692376,0.0215947626998058,7.632194837520948,1,High UHI
20250331_107,2025-03-31,19.09474774774776,73.11164705882352,30.71481857299807,0.3416,30.71481857299807,18.223006820678734,47.28829403331554,77.6113467744287,1.14083706692376,0.0215947626998058,14.736211841911068,1,High UHI
20250331_108,2025-03-31,19.09474774774776,73.16066666666666,30.650284067789755,0.298,30.650284067789755,17.129500961303734,44.29985714914092,74.83319974699943,1.0009858431790095,0.0875920056273571,5.601516388170075,1,High UHI
20250331_109,2025-03-31,19.09474774774776,73.20968627450979,30.650284067789755,0.4182,30.650284067789755,17.129500961303734,44.29985714914092,74.83319974699943,1.0009858431790095,0.0875920056273571,0.0579088374938964,1,High UHI
20250331_110,2025-03-31,19.09474774774776,73.25870588235293,31.104060109456384,0.324,31.104060109456384,16.641789372762048,41.85019425282665,78.0384052965798,0.9096172596966652,0.1607716082503429,0.4235980765204934,1,High UHI
20250331_111,2025-03-31,19.09474774774776,73.30772549019606,31.104060109456384,0.2951,31.104060109456384,16.641789372762048,41.85019425282665,78.0384052965798,0.9096172596966652,0.1607716082503429,2.6392113945520745,1,High UHI
20250331_112,2025-03-31,19.09474774774776,73.3567450980392,31.104060109456384,0.3185,31.62228927612307,16.835555648803734,41.13638515860654,73.34064656151395,0.8425492840326332,0.1609504221846691,0.640713127532959,1,High UHI
20250331_113,2025-03-31,19.09474774774776,73.40576470588233,31.62228927612307,0.3159,31.62228927612307,16.835555648803734,41.13638515860654,73.34064656151395,0.8425492840326332,0.1609504221846691,0.7955192675027286,1,High UHI
20250331_114,2025-03-31,19.09474774774776,73.45478431372547,30.847956593831384,0.3863,30.847956593831384,14.810978825887048,37.76929490083317,85.89290598307613,0.7295696909264471,0.1571059225966564,0.0375987365112304,1,High UHI
20250331_115,2025-03-31,19.09474774774776,73.5038039215686,30.847956593831384,0.3595,30.847956593831384,14.810978825887048,37.76929490083317,85.89290598307613,0.7295696909264471,0.1571059225966564,0.1807536550271427,1,High UHI
20250331_116,2025-03-31,19.09474774774776,73.55282352941174,29.14865646362307,0.5587,30.847956593831384,14.810978825887048,37.76929490083317,85.89290598307613,0.7295696909264471,0.1571059225966564,0.4777423063754215,1,High UHI
20250331_117,2025-03-31,19.09474774774776,73.60184313725487,29.14865646362307,0.4313,29.14865646362307,11.915145492553734,34.48042217051104,102.06292331117778,0.7507432343933357,0.1011222599913708,0.4999253689791811,1,High UHI
20250331_118,2025-03-31,19.09474774774776,73.65086274509801,28.69724044799807,0.3502,29.14865646362307,11.915145492553734,34.48042217051104,102.06292331117778,0.7507432343933357,0.1011222599913708,0.7117833447326658,1,High UHI
20250331_119,2025-03-31,19.09474774774776,73.69988235294115,28.69724044799807,0.3663,28.69724044799807,10.536483383178734,32.302383407379814,113.8898688797063,0.8078986915108752,0.0301331280638805,0.4007889874935376,1,High UHI
20250331_120,2025-03-31,19.139792792792804,72.76850980392157,30.417862192789755,-999.0,-999.0,-999.0,-999.0,-999.0,-999.0,-999.0,1.689106141356943,1,High UHI
20250331_121,2025-03-31,19.139792792792804,72.81752941176471,30.417862192789755,0.4092,-999.0,-999.0,-999.0,-999.0,-999.0,-999.0,25.437311982488925,4,Moderate-High UHI
20250331_122,2025-03-31,19.139792792792804,72.86654901960785,30.417862192789755,0.3857,29.99899826049807,19.627140935262048,53.78837867281132,114.68920523207534,1.811817740200068,0.0574916600157848,33.29602751608551,4,Moderate-High UHI
20250331_123,2025-03-31,19.139792792792804,72.91556862745098,30.530411020914755,0.4167,29.99899826049807,19.627140935262048,53.78837867281132,114.68920523207534,1.811817740200068,0.0574916600157848,24.17169694159345,4,Moderate-High UHI
20250331_124,2025-03-31,19.139792792792804,72.96458823529412,30.976862843831384,0.4939,30.47018966674807,19.25368715922042,51.1498536308243,98.65212751232616,1.4811236704858368,0.0477164982726208,6.943042135587925,1,High UHI
20250331_125,2025-03-31,19.139792792792804,73.01360784313725,30.976862843831384,0.2278,30.47018966674807,19.25368715922042,51.1498536308243,98.65212751232616,1.4811236704858368,0.0477164982726208,30.45775525000702,4,Moderate-High UHI
20250331_126,2025-03-31,19.139792792792804,73.06262745098039,31.33493576049807,0.2545,30.71481857299807,18.223006820678734,47.28829403331554,77.6113467744287,1.14083706692376,0.0215947626998058,7.366524423106233,1,High UHI
20250331_127,2025-03-31,19.139792792792804,73.11164705882352,31.33493576049807,0.2561,30.71481857299807,18.223006820678734,47.28829403331554,77.6113467744287,1.14083706692376,0.0215947626998058,2.7267767597561705,1,High UHI
20250331_128,2025-03-31,19.139792792792804,73.16066666666666,31.38327560424807,0.2531,30.650284067789755,17.129500961303734,44.29985714914092,74.83319974699943,1.0009858431790095,0.0875920056273571,0.6786037158638749,1,High UHI
20250331_129,2025-03-31,19.139792792792804,73.20968627450979,31.38327560424807,0.4247,30.650284067789755,17.129500961303734,44.29985714914092,74.83319974699943,1.0009858431790095,0.0875920056273571,1.7233136744074802,1,High UHI
20250331_130,2025-03-31,19.139792792792804,73.25870588235293,31.494766489664755,0.2942,31.104060109456384,16.641789372762048,41.85019425282665,78.0384052965798,0.9096172596966652,0.1607716082503429,7.52848005793421,1,High UHI
20250331_131,2025-03-31,19.139792792792804,73.30772549019606,31.494766489664755,0.2916,31.104060109456384,16.641789372762048,41.85019425282665,78.0384052965798,0.9096172596966652,0.1607716082503429,0.333138862234916,1,High UHI
20250331_132,2025-03-31,19.139792792792804,73.3567450980392,31.494766489664755,0.3505,31.62228927612307,16.835555648803734,41.13638515860654,73.34064656151395,0.8425492840326332,0.1609504221846691,0.260834911102654,1,High UHI
20250331_133,2025-03-31,19.139792792792804,73.40576470588233,31.933161671956384,0.4092,31.62228927612307,16.835555648803734,41.13638515860654,73.34064656151395,0.8425492840326332,0.1609504221846691,0.3670126994973576,1,High UHI
20250331_134,2025-03-31,19.139792792792804,73.45478431372547,31.816950734456384,0.4141,30.847956593831384,14.810978825887048,37.76929490083317,85.89290598307613,0.7295696909264471,0.1571059225966564,0.2188340428775562,1,High UHI
20250331_135,2025-03-31,19.139792792792804,73.5038039215686,31.816950734456384,0.4775,30.847956593831384,14.810978825887048,37.76929490083317,85.89290598307613,0.7295696909264471,0.1571059225966564,0.2654871430685604,1,High UHI
20250331_136,2025-03-31,19.139792792792804,73.55282352941174,30.416315968831384,0.7043,30.847956593831384,14.810978825887048,37.76929490083317,85.89290598307613,0.7295696909264471,0.1571059225966564,0.0003758667297363,1,High UHI
20250331_137,2025-03-31,19.139792792792804,73.60184313725487,30.416315968831384,0.5585,29.14865646362307,11.915145492553734,34.48042217051104,102.06292331117778,0.7507432343933357,0.1011222599913708,0.0638153572869992,1,High UHI
20250331_138,2025-03-31,19.139792792792804,73.65086274509801,29.63693771362307,0.4817,29.14865646362307,11.915145492553734,34.48042217051104,102.06292331117778,0.7507432343933357,0.1011222599913708,0.2403902930512073,1,High UHI
20250331_139,2025-03-31,19.139792792792804,73.69988235294115,29.63693771362307,0.3577,28.69724044799807,10.536483383178734,32.302383407379814,113.8898688797063,0.8078986915108752,0.0301331280638805,0.3725067912597656,1,High UHI
20250331_140,2025-03-31,19.18483783783785,72.76850980392157,30.417862192789755,-999.0,30.417862192789755,17.79055239359542,46.80848173812353,134.77980989549158,2.0927132538975943,0.0137418507506481,0.6128450113745596,1,High UHI
20250331_141,2025-03-31,19.18483783783785,72.81752941176471,30.417862192789755,0.2164,30.417862192789755,17.79055239359542,46.80848173812353,134.77980989549158,2.0927132538975943,0.0137418507506481,22.58179708843641,4,Moderate-High UHI
20250331_142,2025-03-31,19.18483783783785,72.86654901960785,30.417862192789755,0.389,30.530411020914755,17.609806950887048,45.98035556686387,122.35010139273676,1.7398586554241924,0.0202536581923595,29.594314749249488,4,Moderate-High UHI
20250331_143,2025-03-31,19.18483783783785,72.91556862745098,30.530411020914755,0.5026,30.530411020914755,17.609806950887048,45.98035556686387,122.35010139273676,1.7398586554241924,0.0202536581923595,5.4159810233676,1,High UHI
20250331_144,2025-03-31,19.18483783783785,72.96458823529412,30.976862843831384,0.3168,30.976862843831384,17.53640200297042,44.61371658061057,104.18439668907004,1.436993656584547,0.0202536581923595,33.671635034079,4,Moderate-High UHI
20250331_145,2025-03-31,19.18483783783785,73.01360784313725,30.976862843831384,0.3202,30.976862843831384,17.53640200297042,44.61371658061057,104.18439668907004,1.436993656584547,0.0202536581923595,26.48073451269084,4,Moderate-High UHI
20250331_146,2025-03-31,19.18483783783785,73.06262745098039,31.33493576049807,0.3026,31.33493576049807,17.019230779012048,42.30463756573688,82.44808037444194,1.2381712920748464,0.013846158879005,9.262076071585284,1,High UHI
20250331_147,2025-03-31,19.18483783783785,73.11164705882352,31.33493576049807,0.2564,31.33493576049807,17.019230779012048,42.30463756573688,82.44808037444194,1.2381712920748464,0.013846158879005,10.25087108473118,1,High UHI
20250331_148,2025-03-31,19.18483783783785,73.16066666666666,31.38327560424807,0.316,31.38327560424807,16.148299789428734,39.914738313331135,75.26534217772057,1.1235732447002214,0.0448107718398205,8.43031125397005,1,High UHI
20250331_149,2025-03-31,19.18483783783785,73.20968627450979,31.38327560424807,0.3799,31.38327560424807,16.148299789428734,39.914738313331135,75.26534217772057,1.1235732447002214,0.0448107718398205,24.467529466382736,1,High UHI
20250331_150,2025-03-31,19.18483783783785,73.25870588235293,31.494766489664755,0.2229,31.494766489664755,16.23024965922042,39.87015665758128,70.79862199187343,1.064503980373834,0.0550925730635754,6.733072802713182,1,High UHI
20250331_151,2025-03-31,19.18483783783785,73.30772549019606,31.494766489664755,0.3372,31.494766489664755,16.23024965922042,39.87015665758128,70.79862199187343,1.064503980373834,0.0550925730635754,0.4080874111379586,1,High UHI
20250331_152,2025-03-31,19.18483783783785,73.3567450980392,31.494766489664755,0.3234,31.933161671956384,16.160750961303734,38.71746161080083,67.4773129943498,0.9982301447217576,0.0550925730635754,0.1266498326110839,1,High UHI
20250331_153,2025-03-31,19.18483783783785,73.40576470588233,31.933161671956384,0.3544,31.933161671956384,16.160750961303734,38.71746161080083,67.4773129943498,0.9982301447217576,0.0550925730635754,0.1200338946526022,1,High UHI
20250331_154,2025-03-31,19.18483783783785,73.45478431372547,31.816950734456384,0.2722,31.816950734456384,14.43898989359542,34.892671927864015,75.82668060172087,0.8611696675349387,0.0564038752486339,0.8497443995892693,1,High UHI
20250331_155,2025-03-31,19.18483783783785,73.5038039215686,31.816950734456384,0.2951,31.816950734456384,14.43898989359542,34.892671927864015,75.82668060172087,0.8611696675349387,0.0564038752486339,0.3082402450573491,1,High UHI
20250331_156,2025-03-31,19.18483783783785,73.55282352941174,30.416315968831384,0.4444,31.816950734456384,14.43898989359542,34.892671927864015,75.82668060172087,0.8611696675349387,0.0564038752486339,0.2005091535236433,1,High UHI
20250331_157,2025-03-31,19.18483783783785,73.60184313725487,30.416315968831384,0.4954,30.416315968831384,12.01027895609542,32.25364898674564,92.55162511406412,0.7529788026134464,0.0538706778456798,0.1024089943692076,1,High UHI
20250331_158,2025-03-31,19.18483783783785,73.65086274509801,29.63693771362307,0.5263,30.416315968831384,12.01027895609542,32.25364898674564,92.55162511406412,0.7529788026134464,0.0538706778456798,0.3151169701323864,1,High UHI
20250331_159,2025-03-31,19.18483783783785,73.69988235294115,29.63693771362307,0.3135,29.63693771362307,10.069686508178734,29.65346358620724,108.21808507650256,0.743929628328393,0.0169605015685192,0.3137842491455078,1,High UHI
20250331_160,2025-03-31,19.229882882882897,72.76850980392157,30.417862192789755,-999.0,30.417862192789755,17.79055239359542,46.80848173812353,134.77980989549158,2.0927132538975943,0.0137418507506481,0.4106178436625161,1,High UHI
20250331_161,2025-03-31,19.229882882882897,72.81752941176471,30.417862192789755,-999.0,30.417862192789755,17.79055239359542,46.80848173812353,134.77980989549158,2.0927132538975943,0.0137418507506481,15.376252187505589,1,High UHI
20250331_162,2025-03-31,19.229882882882897,72.86654901960785,30.417862192789755,0.3599,30.530411020914755,17.609806950887048,45.98035556686387,122.35010139273676,1.7398586554241924,0.0202536581923595,25.428533342035365,4,Moderate-High UHI
20250331_163,2025-03-31,19.229882882882897,72.91556862745098,30.530411020914755,0.4994,30.530411020914755,17.609806950887048,45.98035556686387,122.35010139273676,1.7398586554241924,0.0202536581923595,0.006790708267152,1,High UHI
20250331_164,2025-03-31,19.229882882882897,72.96458823529412,30.976862843831384,0.4014,30.976862843831384,17.53640200297042,44.61371658061057,104.18439668907004,1.436993656584547,0.0202536581923595,19.366769338676075,1,High UHI
20250331_165,2025-03-31,19.229882882882897,73.01360784313725,30.976862843831384,0.4273,30.976862843831384,17.53640200297042,44.61371658061057,104.18439668907004,1.436993656584547,0.0202536581923595,14.51841172444491,1,High UHI
20250331_166,2025-03-31,19.229882882882897,73.06262745098039,31.33493576049807,0.2674,31.33493576049807,17.019230779012048,42.30463756573688,82.44808037444194,1.2381712920748464,0.013846158879005,11.839440763339889,1,High UHI
20250331_167,2025-03-31,19.229882882882897,73.11164705882352,31.33493576049807,0.2589,31.33493576049807,17.019230779012048,42.30463756573688,82.44808037444194,1.2381712920748464,0.013846158879005,31.840984147099977,4,Moderate-High UHI
20250331_168,2025-03-31,19.229882882882897,73.16066666666666,31.38327560424807,0.24,31.38327560424807,16.148299789428734,39.914738313331135,75.26534217772057,1.1235732447002214,0.0448107718398205,32.718360096884936,4,Moderate-High UHI
20250331_169,2025-03-31,19.229882882882897,73.20968627450979,31.38327560424807,0.2796,31.38327560424807,16.148299789428734,39.914738313331135,75.26534217772057,1.1235732447002214,0.0448107718398205,5.280820761368081,1,High UHI
20250331_170,2025-03-31,19.229882882882897,73.25870588235293,31.494766489664755,0.3508,31.494766489664755,16.23024965922042,39.87015665758128,70.79862199187343,1.064503980373834,0.0550925730635754,0.7112882104761461,1,High UHI
20250331_171,2025-03-31,19.229882882882897,73.30772549019606,31.494766489664755,0.299,31.494766489664755,16.23024965922042,39.87015665758128,70.79862199187343,1.064503980373834,0.0550925730635754,0.1382106134951124,1,High UHI
20250331_172,2025-03-31,19.229882882882897,73.3567450980392,31.494766489664755,0.3007,31.933161671956384,16.160750961303734,38.71746161080083,67.4773129943498,0.9982301447217576,0.0550925730635754,0.1382451883850097,1,High UHI
20250331_173,2025-03-31,19.229882882882897,73.40576470588233,31.933161671956384,0.3373,31.933161671956384,16.160750961303734,38.71746161080083,67.4773129943498,0.9982301447217576,0.0550925730635754,1.535591521474322,1,High UHI
20250331_174,2025-03-31,19.229882882882897,73.45478431372547,31.816950734456384,0.2685,31.816950734456384,14.43898989359542,34.892671927864015,75.82668060172087,0.8611696675349387,0.0564038752486339,0.2092316948963838,1,High UHI
20250331_175,2025-03-31,19.229882882882897,73.5038039215686,31.816950734456384,0.3418,31.816950734456384,14.43898989359542,34.892671927864015,75.82668060172087,0.8611696675349387,0.0564038752486339,0.3234131415232939,1,High UHI
20250331_176,2025-03-31,19.229882882882897,73.55282352941174,30.416315968831384,0.3621,31.816950734456384,14.43898989359542,34.892671927864015,75.82668060172087,0.8611696675349387,0.0564038752486339,0.366829958953259,1,High UHI
20250331_177,2025-03-31,19.229882882882897,73.60184313725487,30.416315968831384,0.3531,30.416315968831384,12.01027895609542,32.25364898674564,92.55162511406412,0.7529788026134464,0.0538706778456798,0.2887818144429525,1,High UHI
20250331_178,2025-03-31,19.229882882882897,73.65086274509801,29.63693771362307,0.3651,30.416315968831384,12.01027895609542,32.25364898674564,92.55162511406412,0.7529788026134464,0.0538706778456798,0.0123991229553222,1,High UHI
20250331_179,2025-03-31,19.229882882882897,73.69988235294115,29.63693771362307,0.4556,29.63693771362307,10.069686508178734,29.65346358620724,108.21808507650256,0.743929628328393,0.0169605015685192,0.2880782151346842,1,High UHI
20250331_180,2025-03-31,19.274927927927944,72.76850980392157,-999.0,-999.0,-999.0,-999.0,-999.0,-999.0,-999.0,-999.0,1.7628155814877975,0,Moderate UHI
20250331_181,2025-03-31,19.274927927927944,72.81752941176471,-999.0,0.4948,-999.0,-999.0,-999.0,-999.0,-999.0,-999.0,0.9974880422287884,0,Moderate UHI
20250331_182,2025-03-31,19.274927927927944,72.86654901960785,-999.0,0.3602,30.97775802612307,15.63796450297042,39.536992024941306,129.23252326274064,1.6998578265367863,0.0012844799925915,25.90089254188721,4,Moderate-High UHI
20250331_183,2025-03-31,19.274927927927944,72.91556862745098,30.97775802612307,0.5151,30.97775802612307,15.63796450297042,39.536992024941306,129.23252326274064,1.6998578265367863,0.0012844799925915,3.0611799975325056,1,High UHI
20250331_184,2025-03-31,19.274927927927944,72.96458823529412,31.49777755737307,0.3473,31.49777755737307,15.54860903422042,38.163010740034906,112.04928668749184,1.338709869478328,0.0012844799925915,8.365121819697498,1,High UHI
20250331_185,2025-03-31,19.274927927927944,73.01360784313725,31.49777755737307,0.3007,31.49777755737307,15.54860903422042,38.163010740034906,112.04928668749184,1.338709869478328,0.0012844799925915,13.05469056771872,1,High UHI
20250331_186,2025-03-31,19.274927927927944,73.06262745098039,31.797175343831384,0.2272,31.797175343831384,15.54128481547042,37.50151343348554,89.78977825523481,1.177288986039233,0.0012844799925915,27.692896064783213,4,Moderate-High UHI
20250331_187,2025-03-31,19.274927927927944,73.11164705882352,31.797175343831384,0.2726,31.797175343831384,15.54128481547042,37.50151343348554,89.78977825523481,1.177288986039233,0.0012844799925915,12.062029767404978,1,High UHI
20250331_188,2025-03-31,19.274927927927944,73.16066666666666,31.796768442789755,0.3273,31.796768442789755,15.41457583109542,37.19877234763475,77.30742491532531,1.1498793265239575,0.0013142823149792,5.977436383709492,1,High UHI
20250331_189,2025-03-31,19.274927927927944,73.20968627450979,31.796768442789755,0.3301,31.796768442789755,15.41457583109542,37.19877234763475,77.30742491532531,1.1498793265239575,0.0013142823149792,5.088776754903999,1,High UHI
20250331_190,2025-03-31,19.274927927927944,73.25870588235293,31.83664474487307,0.3507,31.83664474487307,15.238387680053734,36.69704319116517,71.63025951379488,1.0954261770884783,0.0013142823149792,0.7411677617605175,1,High UHI
20250331_191,2025-03-31,19.274927927927944,73.30772549019606,31.83664474487307,0.3384,31.83664474487307,15.238387680053734,36.69704319116517,71.63025951379488,1.0954261770884783,0.0013142823149792,0.1854219451919855,1,High UHI
20250331_192,2025-03-31,19.274927927927944,73.3567450980392,31.83664474487307,0.2806,32.239151255289755,15.16481997172042,35.70017165778102,67.94732393716599,1.0321741401190676,0.0013142823149792,0.9111943106736128,1,High UHI
20250331_193,2025-03-31,19.274927927927944,73.40576470588233,32.239151255289755,0.241,32.239151255289755,15.16481997172042,35.70017165778102,67.94732393716599,1.0321741401190676,0.0013142823149792,6.2828023395124974,1,High UHI
20250331_194,2025-03-31,19.274927927927944,73.45478431372547,32.810684458414755,0.3028,32.810684458414755,14.52663637797042,33.173056461079746,76.66740174807994,0.8933969926830665,0.0027298926283947,0.5468926593076221,1,High UHI
20250331_195,2025-03-31,19.274927927927944,73.5038039215686,32.810684458414755,0.2352,32.810684458414755,14.52663637797042,33.173056461079746,76.66740174807994,0.8933969926830665,0.0027298926283947,0.4727824002545525,1,High UHI
20250331_196,2025-03-31,19.274927927927944,73.55282352941174,32.930964406331384,0.3602,32.810684458414755,14.52663637797042,33.173056461079746,76.66740174807994,0.8933969926830665,0.0027298926283947,0.8779595424120136,1,High UHI
20250331_197,2025-03-31,19.274927927927944,73.60184313725487,32.930964406331384,0.3624,32.930964406331384,12.375187810262048,28.63856203249818,92.88892751806053,0.7813828338976015,0.0038325785567394,0.8140852014845904,1,High UHI
20250331_198,2025-03-31,19.274927927927944,73.65086274509801,31.689346567789755,0.3479,32.930964406331384,12.375187810262048,28.63856203249818,92.88892751806053,0.7813828338976015,0.0038325785567394,0.3173268065186743,1,High UHI
20250331_199,2025-03-31,19.274927927927944,73.69988235294115,31.689346567789755,0.3344,31.689346567789755,10.610702133178734,27.336396848582527,103.94580223498014,0.6938888260680481,0.0038325785567394,0.3452779813313802,1,High UHI
20250331_200,2025-03-31,19.31997297297299,72.76850980392157,-999.0,-999.0,-999.0,-999.0,-999.0,-999.0,-999.0,-999.0,0.2427794204266716,0,Moderate UHI
20250331_201,2025-03-31,19.31997297297299,72.81752941176471,-999.0,-999.0,-999.0,-999.0,-999.0,-999.0,-999.0,-999.0,2.1953079460819,0,Moderate UHI
20250331_202,2025-03-31,19.31997297297299,72.86654901960785,-999.0,-999.0,30.97775802612307,15.63796450297042,39.536992024941306,129.23252326274064,1.6998578265367863,0.0012844799925915,11.447320961866811,1,High UHI
20250331_203,2025-03-31,19.31997297297299,72.91556862745098,30.97775802612307,0.575,30.97775802612307,15.63796450297042,39.536992024941306,129.23252326274064,1.6998578265367863,0.0012844799925915,3.0992817412262563,1,High UHI
20250331_204,2025-03-31,19.31997297297299,72.96458823529412,31.49777755737307,0.2891,31.49777755737307,15.54860903422042,38.163010740034906,112.04928668749184,1.338709869478328,0.0012844799925915,1.1683067730401728,1,High UHI
20250331_205,2025-03-31,19.31997297297299,73.01360784313725,31.49777755737307,0.3213,31.49777755737307,15.54860903422042,38.163010740034906,112.04928668749184,1.338709869478328,0.0012844799925915,0.6232357676438286,1,High UHI
20250331_206,2025-03-31,19.31997297297299,73.06262745098039,31.797175343831384,0.2107,31.797175343831384,15.54128481547042,37.50151343348554,89.78977825523481,1.177288986039233,0.0012844799925915,13.197282274897468,1,High UHI
20250331_207,2025-03-31,19.31997297297299,73.11164705882352,31.797175343831384,0.3093,31.797175343831384,15.54128481547042,37.50151343348554,89.78977825523481,1.177288986039233,0.0012844799925915,5.776115798443722,1,High UHI
20250331_208,2025-03-31,19.31997297297299,73.16066666666666,31.796768442789755,0.1454,31.796768442789755,15.41457583109542,37.19877234763475,77.30742491532531,1.1498793265239575,0.0013142823149792,6.764672352274098,1,High UHI
20250331_209,2025-03-31,19.31997297297299,73.20968627450979,31.796768442789755,0.2827,31.796768442789755,15.41457583109542,37.19877234763475,77.30742491532531,1.1498793265239575,0.0013142823149792,2.659369316928751,1,High UHI
20250331_210,2025-03-31,19.31997297297299,73.25870588235293,31.83664474487307,0.3066,31.83664474487307,15.238387680053734,36.69704319116517,71.63025951379488,1.0954261770884783,0.0013142823149792,0.3470604441971123,1,High UHI
20250331_211,2025-03-31,19.31997297297299,73.30772549019606,31.83664474487307,0.2984,31.83664474487307,15.238387680053734,36.69704319116517,71.63025951379488,1.0954261770884783,0.0013142823149792,0.2578507005392635,1,High UHI
20250331_212,2025-03-31,19.31997297297299,73.3567450980392,31.83664474487307,0.3445,32.239151255289755,15.16481997172042,35.70017165778102,67.94732393716599,1.0321741401190676,0.0013142823149792,0.0735957762145996,1,High UHI
20250331_213,2025-03-31,19.31997297297299,73.40576470588233,32.239151255289755,0.3538,32.239151255289755,15.16481997172042,35.70017165778102,67.94732393716599,1.0321741401190676,0.0013142823149792,0.3538503030097512,1,High UHI
20250331_214,2025-03-31,19.31997297297299,73.45478431372547,32.810684458414755,0.3477,32.810684458414755,14.52663637797042,33.173056461079746,76.66740174807994,0.8933969926830665,0.0027298926283947,0.1414205922954484,1,High UHI
20250331_215,2025-03-31,19.31997297297299,73.5038039215686,32.810684458414755,0.3021,32.810684458414755,14.52663637797042,33.173056461079746,76.66740174807994,0.8933969926830665,0.0027298926283947,0.1935604874432732,1,High UHI
20250331_216,2025-03-31,19.31997297297299,73.55282352941174,32.930964406331384,0.2513,32.810684458414755,14.52663637797042,33.173056461079746,76.66740174807994,0.8933969926830665,0.0027298926283947,0.2696185511474609,1,High UHI
20250331_217,2025-03-31,19.31997297297299,73.60184313725487,32.930964406331384,0.3002,32.930964406331384,12.375187810262048,28.63856203249818,92.88892751806053,0.7813828338976015,0.0038325785567394,0.6223626886133533,1,High UHI
20250331_218,2025-03-31,19.31997297297299,73.65086274509801,31.689346567789755,0.3685,32.930964406331384,12.375187810262048,28.63856203249818,92.88892751806053,0.7813828338976015,0.0038325785567394,0.2075111044887168,1,High UHI
20250331_219,2025-03-31,19.31997297297299,73.69988235294115,31.689346567789755,0.417,31.689346567789755,10.610702133178734,27.336396848582527,103.94580223498014,0.6938888260680481,0.0038325785567394,0.1516930146789551,1,High UHI
20250331_220,2025-03-31,19.36501801801804,72.76850980392157,30.955622609456384,-999.0,30.955622609456384,15.768905258178734,39.920362055038886,147.19764146719098,2.269126718913577,0.0012844799925915,1.1475090272028905,1,High UHI
20250331_221,2025-03-31,19.36501801801804,72.81752941176471,30.955622609456384,0.3104,30.955622609456384,15.768905258178734,39.920362055038886,147.19764146719098,2.269126718913577,0.0012844799925915,14.106130719007542,1,High UHI
20250331_222,2025-03-31,19.36501801801804,72.86654901960785,30.955622609456384,0.3386,31.311335500081384,14.32912661234542,35.656173255246,135.37886595897135,1.690383632326154,0.0012844799925915,3.989582345167931,1,High UHI
20250331_223,2025-03-31,19.36501801801804,72.91556862745098,31.311335500081384,0.2653,31.311335500081384,14.32912661234542,35.656173255246,135.37886595897135,1.690383632326154,0.0012844799925915,7.7247135710263715,1,High UHI
20250331_224,2025-03-31,19.36501801801804,72.96458823529412,31.65891036987307,0.4267,31.65891036987307,13.870956039428734,33.934670071168874,120.84114606840308,1.3349218336334243,0.0012844799925915,0.0465527734069824,1,High UHI
20250331_225,2025-03-31,19.36501801801804,73.01360784313725,31.65891036987307,0.3081,31.65891036987307,13.870956039428734,33.934670071168874,120.84114606840308,1.3349218336334243,0.0012844799925915,0.1445255182189941,1,High UHI
20250331_226,2025-03-31,19.36501801801804,73.06262745098039,32.113418833414755,0.3084,32.113418833414755,13.48708559672042,32.2551870093918,100.795978694333,1.1508571593752035,0.0012844799925915,1.150906601272284,1,High UHI
20250331_227,2025-03-31,19.36501801801804,73.11164705882352,32.113418833414755,0.2875,32.113418833414755,13.48708559672042,32.2551870093918,100.795978694333,1.1508571593752035,0.0012844799925915,2.985545762206313,1,High UHI
20250331_228,2025-03-31,19.36501801801804,73.16066666666666,32.227106984456384,0.1872,32.227106984456384,13.425724919637048,31.9203413274404,88.62835379686416,1.072872501124992,0.0019252299239269,6.601232447068877,1,High UHI
20250331_229,2025-03-31,19.36501801801804,73.20968627450979,32.227106984456384,0.3724,32.227106984456384,13.425724919637048,31.9203413274404,88.62835379686416,1.072872501124992,0.0019252299239269,3.3051716170558554,1,High UHI
20250331_230,2025-03-31,19.36501801801804,73.25870588235293,32.29538497924807,0.2767,32.29538497924807,13.203312810262048,31.33922980366369,80.54470788156654,1.0041764787137637,0.0023424624373546,0.1613752293969247,1,High UHI
20250331_231,2025-03-31,19.36501801801804,73.30772549019606,32.29538497924807,0.324,32.29538497924807,13.203312810262048,31.33922980366369,80.54470788156654,1.0041764787137637,0.0023424624373546,0.1438282126920812,1,High UHI
20250331_232,2025-03-31,19.36501801801804,73.3567450980392,32.29538497924807,0.2886,32.772273000081384,13.391952133178734,30.88433672340348,74.5893793208866,0.9423427207303374,0.0023424624373546,0.2976906470031738,1,High UHI
20250331_233,2025-03-31,19.36501801801804,73.40576470588233,32.772273000081384,0.3621,32.772273000081384,13.391952133178734,30.88433672340348,74.5893793208866,0.9423427207303374,0.0023424624373546,0.093800830062567,1,High UHI
20250331_234,2025-03-31,19.36501801801804,73.45478431372547,33.832901255289755,0.3062,33.832901255289755,13.023869450887048,28.4075717423386,86.88948035530717,0.8182367116792644,0.0031620263030163,0.5471878154252594,1,High UHI
20250331_235,2025-03-31,19.36501801801804,73.5038039215686,33.832901255289755,0.3838,33.832901255289755,13.023869450887048,28.4075717423386,86.88948035530717,0.8182367116792644,0.0031620263030163,0.3451173718314377,1,High UHI
20250331_236,2025-03-31,19.36501801801804,73.55282352941174,33.600398000081384,0.2582,33.832901255289755,13.023869450887048,28.4075717423386,86.88948035530717,0.8182367116792644,0.0031620263030163,0.3247386649780273,1,High UHI
20250331_237,2025-03-31,19.36501801801804,73.60184313725487,33.600398000081384,0.3633,33.600398000081384,12.47487856547042,27.762890840000715,97.56788997228144,0.7087024230802945,0.0032663344313732,0.0761742074162502,1,High UHI
20250331_238,2025-03-31,19.36501801801804,73.65086274509801,32.051651255289755,0.2718,33.600398000081384,12.47487856547042,27.762890840000715,97.56788997228144,0.7087024230802945,0.0032663344313732,0.1973513541810279,1,High UHI
20250331_239,2025-03-31,19.36501801801804,73.69988235294115,32.051651255289755,0.2682,32.051651255289755,11.12063051859542,27.70384871225196,103.3386706693938,0.6051037404867593,0.0025957821776501,0.1026173395888384,1,High UHI
20250331_240,2025-03-31,19.410063063063085,72.76850980392157,30.955622609456384,-999.0,30.955622609456384,15.768905258178734,39.920362055038886,147.19764146719098,2.269126718913577,0.0012844799925915,1.6749093006931683,1,High UHI
20250331_241,2025-03-31,19.410063063063085,72.81752941176471,30.955622609456384,0.412,30.955622609456384,15.768905258178734,39.920362055038886,147.19764146719098,2.269126718913577,0.0012844799925915,25.63695473614049,4,Moderate-High UHI
20250331_242,2025-03-31,19.410063063063085,72.86654901960785,30.955622609456384,0.2392,31.311335500081384,14.32912661234542,35.656173255246,135.37886595897135,1.690383632326154,0.0012844799925915,19.88243705070057,1,High UHI
20250331_243,2025-03-31,19.410063063063085,72.91556862745098,31.311335500081384,0.541,31.311335500081384,14.32912661234542,35.656173255246,135.37886595897135,1.690383632326154,0.0012844799925915,0.3640519889356425,1,High UHI
20250331_244,2025-03-31,19.410063063063085,72.96458823529412,31.65891036987307,0.6155,31.65891036987307,13.870956039428734,33.934670071168874,120.84114606840308,1.3349218336334243,0.0012844799925915,0.1148438392950319,1,High UHI
20250331_245,2025-03-31,19.410063063063085,73.01360784313725,31.65891036987307,0.4502,31.65891036987307,13.870956039428734,33.934670071168874,120.84114606840308,1.3349218336334243,0.0012844799925915,0.0288896836847043,1,High UHI
20250331_246,2025-03-31,19.410063063063085,73.06262745098039,32.113418833414755,0.3491,32.113418833414755,13.48708559672042,32.2551870093918,100.795978694333,1.1508571593752035,0.0012844799925915,0.687045470480885,1,High UHI
20250331_247,2025-03-31,19.410063063063085,73.11164705882352,32.113418833414755,0.2774,32.113418833414755,13.48708559672042,32.2551870093918,100.795978694333,1.1508571593752035,0.0012844799925915,0.8103033875297995,1,High UHI
20250331_248,2025-03-31,19.410063063063085,73.16066666666666,32.227106984456384,0.3576,32.227106984456384,13.425724919637048,31.9203413274404,88.62835379686416,1.072872501124992,0.0019252299239269,0.3020399564183852,1,High UHI
20250331_249,2025-03-31,19.410063063063085,73.20968627450979,32.227106984456384,0.3152,32.227106984456384,13.425724919637048,31.9203413274404,88.62835379686416,1.072872501124992,0.0019252299239269,0.904861231507784,1,High UHI
20250331_250,2025-03-31,19.410063063063085,73.25870588235293,32.29538497924807,0.318,32.29538497924807,13.203312810262048,31.33922980366369,80.54470788156654,1.0041764787137637,0.0023424624373546,5.705883589185288,1,High UHI
20250331_251,2025-03-31,19.410063063063085,73.30772549019606,32.29538497924807,0.3335,32.29538497924807,13.203312810262048,31.33922980366369,80.54470788156654,1.0041764787137637,0.0023424624373546,0.4509039186510274,1,High UHI
20250331_252,2025-03-31,19.410063063063085,73.3567450980392,32.29538497924807,0.3177,32.772273000081384,13.391952133178734,30.88433672340348,74.5893793208866,0.9423427207303374,0.0023424624373546,0.3218540689664953,1,High UHI
20250331_253,2025-03-31,19.410063063063085,73.40576470588233,32.772273000081384,0.3012,32.772273000081384,13.391952133178734,30.88433672340348,74.5893793208866,0.9423427207303374,0.0023424624373546,0.0409537125639074,1,High UHI
20250331_254,2025-03-31,19.410063063063085,73.45478431372547,33.832901255289755,0.3661,33.832901255289755,13.023869450887048,28.4075717423386,86.88948035530717,0.8182367116792644,0.0031620263030163,0.2195011849151013,1,High UHI
20250331_255,2025-03-31,19.410063063063085,73.5038039215686,33.832901255289755,0.3887,33.832901255289755,13.023869450887048,28.4075717423386,86.88948035530717,0.8182367116792644,0.0031620263030163,0.0561961059564328,1,High UHI
20250331_256,2025-03-31,19.410063063063085,73.55282352941174,33.600398000081384,0.3421,33.832901255289755,13.023869450887048,28.4075717423386,86.88948035530717,0.8182367116792644,0.0031620263030163,0.0788121395874023,1,High UHI
20250331_257,2025-03-31,19.410063063063085,73.60184313725487,33.600398000081384,0.3059,33.600398000081384,12.47487856547042,27.762890840000715,97.56788997228144,0.7087024230802945,0.0032663344313732,0.279600760559082,1,High UHI
20250331_258,2025-03-31,19.410063063063085,73.65086274509801,32.051651255289755,0.3347,33.600398000081384,12.47487856547042,27.762890840000715,97.56788997228144,0.7087024230802945,0.0032663344313732,0.1944238628234863,1,High UHI
20250331_259,2025-03-31,19.410063063063085,73.69988235294115,32.051651255289755,0.2962,32.051651255289755,11.12063051859542,27.70384871225196,103.3386706693938,0.6051037404867593,0.0025957821776501,0.0562980211486816,1,High UHI
20250331_260,2025-03-31,19.45510810810813,72.76850980392157,31.473770395914755,0.5304,31.473770395914755,13.48879458109542,33.45178467595835,148.21491806821308,2.0946933003607,0.0012844799925915,3.783157593283021,1,High UHI
20250331_261,2025-03-31,19.45510810810813,72.81752941176471,31.473770395914755,0.3693,31.473770395914755,13.48879458109542,33.45178467595835,148.21491806821308,2.0946933003607,0.0012844799925915,25.11714532819273,1,High UHI
20250331_262,2025-03-31,19.45510810810813,72.86654901960785,31.473770395914755,0.4155,31.63864669799807,12.845321273803734,31.77569234801033,141.74838699783646,1.7532478426167284,0.0012844799925915,9.06245728465266,1,High UHI
20250331_263,2025-03-31,19.45510810810813,72.91556862745098,31.63864669799807,0.5142,31.63864669799807,12.845321273803734,31.77569234801033,141.74838699783646,1.7532478426167284,0.0012844799925915,0.6759666427235324,1,High UHI
20250331_264,2025-03-31,19.45510810810813,72.96458823529412,32.040176645914755,0.3559,32.040176645914755,11.95412661234542,29.2932543675478,130.071282549538,1.4090427553683695,0.0012844799925915,0.6157812890283921,1,High UHI
20250331_265,2025-03-31,19.45510810810813,73.01360784313725,32.040176645914755,0.3973,32.040176645914755,11.95412661234542,29.2932543675478,130.071282549538,1.4090427553683695,0.0012844799925915,0.0150058751220703,1,High UHI
20250331_266,2025-03-31,19.45510810810813,73.06262745098039,32.515518442789755,0.3764,32.515518442789755,11.111434555053734,26.96984202665152,113.00196321470318,1.177277065736951,0.0012844799925915,1.148699041693474,1,High UHI
20250331_267,2025-03-31,19.45510810810813,73.11164705882352,32.515518442789755,0.2693,32.515518442789755,11.111434555053734,26.96984202665152,113.00196321470318,1.177277065736951,0.0012844799925915,0.7882329324617274,1,High UHI
20250331_268,2025-03-31,19.45510810810813,73.16066666666666,32.654353078206384,0.3341,32.654353078206384,11.389266586303734,27.256779008560823,102.45109112067192,1.0481447552478325,0.0021487473418346,0.3661802635968376,1,High UHI
20250331_269,2025-03-31,19.45510810810813,73.20968627450979,32.654353078206384,0.3308,32.654353078206384,11.389266586303734,27.256779008560823,102.45109112067192,1.0481447552478325,0.0021487473418346,0.0510248961791992,1,High UHI
20250331_270,2025-03-31,19.45510810810813,73.25870588235293,32.540827687581384,0.3089,32.540827687581384,11.53981997172042,27.706712988798817,93.85413901752872,0.9436567736019834,0.0026851891448131,0.0446497641601562,1,High UHI
20250331_271,2025-03-31,19.45510810810813,73.30772549019606,32.540827687581384,0.3355,32.540827687581384,11.53981997172042,27.706712988798817,93.85413901752872,0.9436567736019834,0.0026851891448131,6.083561040827734,1,High UHI
20250331_272,2025-03-31,19.45510810810813,73.3567450980392,32.540827687581384,0.4129,32.938044484456384,11.66213442484542,27.31305109792674,86.92799151601083,0.8558180249660367,0.0032365321089855,1.7454970537158438,1,High UHI
20250331_273,2025-03-31,19.45510810810813,73.40576470588233,32.938044484456384,0.2333,32.938044484456384,11.66213442484542,27.31305109792674,86.92799151601083,0.8558180249660367,0.0032365321089855,0.3890804450073242,1,High UHI
20250331_274,2025-03-31,19.45510810810813,73.45478431372547,33.25266036987307,0.3164,33.25266036987307,11.44802309672042,26.45669361817304,91.41203909095354,0.7411454458434944,0.0027447937895885,0.3291038554901722,1,High UHI
20250331_275,2025-03-31,19.45510810810813,73.5038039215686,33.25266036987307,0.3282,33.25266036987307,11.44802309672042,26.45669361817304,91.41203909095354,0.7411454458434944,0.0027447937895885,0.2069392730820599,1,High UHI
20250331_276,2025-03-31,19.45510810810813,73.55282352941174,32.497858937581384,0.2949,33.25266036987307,11.44802309672042,26.45669361817304,91.41203909095354,0.7411454458434944,0.0027447937895885,0.1649440421835506,1,High UHI
20250331_277,2025-03-31,19.45510810810813,73.60184313725487,32.497858937581384,0.2463,32.497858937581384,10.839543279012048,26.51343669093105,96.58447845921977,0.6099338261803853,0.00182092179557,0.2621017686653885,1,High UHI
20250331_278,2025-03-31,19.45510810810813,73.65086274509801,30.987849171956384,0.3442,32.497858937581384,10.839543279012048,26.51343669093105,96.58447845921977,0.6099338261803853,0.00182092179557,0.1869487466089585,1,High UHI
20250331_279,2025-03-31,19.45510810810813,73.69988235294115,30.987849171956384,0.4756,30.987849171956384,8.90114809672042,25.36811298641959,103.05341273856185,0.5123379441456294,0.0013887881209484,0.0086294429016113,1,High UHI
20250331_280,2025-03-31,19.50015315315317,72.76850980392157,31.473770395914755,-999.0,31.473770395914755,13.48879458109542,33.45178467595835,148.21491806821308,2.0946933003607,0.0012844799925915,0.3256426956708123,1,High UHI
20250331_281,2025-03-31,19.50015315315317,72.81752941176471,31.473770395914755,0.3231,31.473770395914755,13.48879458109542,33.45178467595835,148.21491806821308,2.0946933003607,0.0012844799925915,1.0349428049233815,1,High UHI
20250331_282,2025-03-31,19.50015315315317,72.86654901960785,31.473770395914755,0.2582,31.63864669799807,12.845321273803734,31.77569234801033,141.74838699783646,1.7532478426167284,0.0012844799925915,0.5737135909891764,1,High UHI
20250331_283,2025-03-31,19.50015315315317,72.91556862745098,31.63864669799807,0.4126,31.63864669799807,12.845321273803734,31.77569234801033,141.74838699783646,1.7532478426167284,0.0012844799925915,1.9305586065665448,1,High UHI
20250331_284,2025-03-31,19.50015315315317,72.96458823529412,32.040176645914755,0.3967,32.040176645914755,11.95412661234542,29.2932543675478,130.071282549538,1.4090427553683695,0.0012844799925915,0.1822123975560805,1,High UHI
20250331_285,2025-03-31,19.50015315315317,73.01360784313725,32.040176645914755,0.405,32.040176645914755,11.95412661234542,29.2932543675478,130.071282549538,1.4090427553683695,0.0012844799925915,0.7116420458786907,1,High UHI
20250331_286,2025-03-31,19.50015315315317,73.06262745098039,32.515518442789755,0.2285,32.515518442789755,11.111434555053734,26.96984202665152,113.00196321470318,1.177277065736951,0.0012844799925915,0.8199634541765995,1,High UHI
20250331_287,2025-03-31,19.50015315315317,73.11164705882352,32.515518442789755,0.3429,32.515518442789755,11.111434555053734,26.96984202665152,113.00196321470318,1.177277065736951,0.0012844799925915,2.399495779603605,1,High UHI
20250331_288,2025-03-31,19.50015315315317,73.16066666666666,32.654353078206384,0.2718,32.654353078206384,11.389266586303734,27.256779008560823,102.45109112067192,1.0481447552478325,0.0021487473418346,0.3122545559472177,1,High UHI
20250331_289,2025-03-31,19.50015315315317,73.20968627450979,32.654353078206384,0.2597,32.654353078206384,11.389266586303734,27.256779008560823,102.45109112067192,1.0481447552478325,0.0021487473418346,0.0503302791191549,1,High UHI
20250331_290,2025-03-31,19.50015315315317,73.25870588235293,32.540827687581384,0.3875,32.540827687581384,11.53981997172042,27.706712988798817,93.85413901752872,0.9436567736019834,0.0026851891448131,0.003309536127427,1,High UHI
20250331_291,2025-03-31,19.50015315315317,73.30772549019606,32.540827687581384,0.344,32.540827687581384,11.53981997172042,27.706712988798817,93.85413901752872,0.9436567736019834,0.0026851891448131,0.7934410582433358,1,High UHI
20250331_292,2025-03-31,19.50015315315317,73.3567450980392,32.540827687581384,0.3122,32.938044484456384,11.66213442484542,27.31305109792674,86.92799151601083,0.8558180249660367,0.0032365321089855,1.027946183762255,1,High UHI
20250331_293,2025-03-31,19.50015315315317,73.40576470588233,32.938044484456384,0.4032,32.938044484456384,11.66213442484542,27.31305109792674,86.92799151601083,0.8558180249660367,0.0032365321089855,0.0858917574768066,1,High UHI
20250331_294,2025-03-31,19.50015315315317,73.45478431372547,33.25266036987307,0.093,33.25266036987307,11.44802309672042,26.45669361817304,91.41203909095354,0.7411454458434944,0.0027447937895885,0.0255079683227539,1,High UHI
20250331_295,2025-03-31,19.50015315315317,73.5038039215686,33.25266036987307,0.3509,33.25266036987307,11.44802309672042,26.45669361817304,91.41203909095354,0.7411454458434944,0.0027447937895885,0.0258823367004394,1,High UHI
20250331_296,2025-03-31,19.50015315315317,73.55282352941174,32.497858937581384,0.2611,33.25266036987307,11.44802309672042,26.45669361817304,91.41203909095354,0.7411454458434944,0.0027447937895885,0.0086265754394531,1,High UHI
20250331_297,2025-03-31,19.50015315315317,73.60184313725487,32.497858937581384,0.392,32.497858937581384,10.839543279012048,26.51343669093105,96.58447845921977,0.6099338261803853,0.00182092179557,0.9728413789744657,1,High UHI
20250331_298,2025-03-31,19.50015315315317,73.65086274509801,30.987849171956384,0.3085,32.497858937581384,10.839543279012048,26.51343669093105,96.58447845921977,0.6099338261803853,0.00182092179557,0.0595473254430434,1,High UHI
20250331_299,2025-03-31,19.50015315315317,73.69988235294115,30.987849171956384,0.5441,30.987849171956384,8.90114809672042,25.36811298641959,103.05341273856185,0.5123379441456294,0.0013887881209484,0.0007501647949218,1,High UHI
20250331_300,2025-03-31,19.545198198198225,72.76850980392157,31.10715255737307,0.3883,31.473770395914755,13.48879458109542,33.45178467595835,148.21491806821308,2.0946933003607,0.0012844799925915,0.1646273215691061,1,High UHI
20250331_301,2025-03-31,19.545198198198225,72.81752941176471,31.10715255737307,0.3793,31.473770395914755,13.48879458109542,33.45178467595835,148.21491806821308,2.0946933003607,0.0012844799925915,0.0367406548713235,1,High UHI
20250331_302,2025-03-31,19.545198198198225,72.86654901960785,31.10715255737307,0.3634,31.63864669799807,12.845321273803734,31.77569234801033,141.74838699783646,1.7532478426167284,0.0012844799925915,0.1058481136855182,1,High UHI
20250331_303,2025-03-31,19.545198198198225,72.91556862745098,31.704727427164755,0.3339,31.63864669799807,12.845321273803734,31.77569234801033,141.74838699783646,1.7532478426167284,0.0012844799925915,0.8459767729893101,1,High UHI
20250331_304,2025-03-31,19.545198198198225,72.96458823529412,32.558731333414755,0.3976,32.040176645914755,11.95412661234542,29.2932543675478,130.071282549538,1.4090427553683695,0.0012844799925915,0.0,1,High UHI
20250331_305,2025-03-31,19.545198198198225,73.01360784313725,32.558731333414755,0.3151,32.040176645914755,11.95412661234542,29.2932543675478,130.071282549538,1.4090427553683695,0.0012844799925915,0.0172506032714843,1,High UHI
20250331_306,2025-03-31,19.545198198198225,73.06262745098039,32.937149302164755,0.3859,32.515518442789755,11.111434555053734,26.96984202665152,113.00196321470318,1.177277065736951,0.0012844799925915,0.1697231569578882,1,High UHI
20250331_307,2025-03-31,19.545198198198225,73.11164705882352,32.937149302164755,0.2998,32.515518442789755,11.111434555053734,26.96984202665152,113.00196321470318,1.177277065736951,0.0012844799925915,3.147086018121683,1,High UHI
20250331_308,2025-03-31,19.545198198198225,73.16066666666666,33.127741750081384,0.3577,32.654353078206384,11.389266586303734,27.256779008560823,102.45109112067192,1.0481447552478325,0.0021487473418346,0.23394793262736,1,High UHI
20250331_309,2025-03-31,19.545198198198225,73.20968627450979,33.127741750081384,0.2948,32.654353078206384,11.389266586303734,27.256779008560823,102.45109112067192,1.0481447552478325,0.0021487473418346,0.2354750177307129,1,High UHI
20250331_310,2025-03-31,19.545198198198225,73.25870588235293,32.83273849487307,0.334,32.540827687581384,11.53981997172042,27.706712988798817,93.85413901752872,0.9436567736019834,0.0026851891448131,0.2193525394592285,1,High UHI
20250331_311,2025-03-31,19.545198198198225,73.30772549019606,32.83273849487307,0.3374,32.540827687581384,11.53981997172042,27.706712988798817,93.85413901752872,0.9436567736019834,0.0026851891448131,0.0363770688781738,1,High UHI
20250331_312,2025-03-31,19.545198198198225,73.3567450980392,32.83273849487307,0.223,32.938044484456384,11.66213442484542,27.31305109792674,86.92799151601083,0.8558180249660367,0.0032365321089855,1.583714567001762,1,High UHI
20250331_313,2025-03-31,19.545198198198225,73.40576470588233,32.969131724039755,0.1543,32.938044484456384,11.66213442484542,27.31305109792674,86.92799151601083,0.8558180249660367,0.0032365321089855,0.0438537992690142,1,High UHI
20250331_314,2025-03-31,19.545198198198225,73.45478431372547,32.688614145914755,0.3354,33.25266036987307,11.44802309672042,26.45669361817304,91.41203909095354,0.7411454458434944,0.0027447937895885,0.0037495953674316,1,High UHI
20250331_315,2025-03-31,19.545198198198225,73.5038039215686,32.688614145914755,0.3373,33.25266036987307,11.44802309672042,26.45669361817304,91.41203909095354,0.7411454458434944,0.0027447937895885,0.0056242431640625,1,High UHI
20250331_316,2025-03-31,19.545198198198225,73.55282352941174,31.655085500081384,0.3474,33.25266036987307,11.44802309672042,26.45669361817304,91.41203909095354,0.7411454458434944,0.0027447937895885,0.0142493268432617,1,High UHI
20250331_317,2025-03-31,19.545198198198225,73.60184313725487,31.655085500081384,0.3543,32.497858937581384,10.839543279012048,26.51343669093105,96.58447845921977,0.6099338261803853,0.00182092179557,0.0067505161743164,1,High UHI
20250331_318,2025-03-31,19.545198198198225,73.65086274509801,30.03171310424807,0.3678,32.497858937581384,10.839543279012048,26.51343669093105,96.58447845921977,0.6099338261803853,0.00182092179557,0.2512516710205078,1,High UHI
20250331_319,2025-03-31,19.545198198198225,73.69988235294115,30.03171310424807,0.3237,30.987849171956384,8.90114809672042,25.36811298641959,103.05341273856185,0.5123379441456294,0.0013887881209484,0.2178234063952876,1,High UHI
20250331_320,2025-03-31,19.590243243243272,72.76850980392157,31.10715255737307,0.3478,31.10715255737307,13.852157211303734,34.97504322738271,153.80256768545473,2.3685383738354826,0.0012844799925915,0.2882341533799115,1,High UHI
20250331_321,2025-03-31,19.590243243243272,72.81752941176471,31.10715255737307,0.4035,31.10715255737307,13.852157211303734,34.97504322738271,153.80256768545473,2.3685383738354826,0.0012844799925915,1.0056680279307646,1,High UHI
20250331_322,2025-03-31,19.590243243243272,72.86654901960785,31.10715255737307,0.3109,31.704727427164755,11.844588851928734,29.6412070058558,149.00878617072385,1.867924457219215,0.0012844799925915,0.3155803242267683,1,High UHI
20250331_323,2025-03-31,19.590243243243272,72.91556862745098,31.704727427164755,0.3893,31.704727427164755,11.844588851928734,29.6412070058558,149.00878617072385,1.867924457219215,0.0012844799925915,0.7166713701445935,1,High UHI
20250331_324,2025-03-31,19.590243243243272,72.96458823529412,32.558731333414755,0.333,32.558731333414755,10.456242497762048,25.756346608300184,141.3650142737535,1.5191652632836838,0.0012844799925915,0.0,1,High UHI
20250331_325,2025-03-31,19.590243243243272,73.01360784313725,32.558731333414755,0.2872,32.558731333414755,10.456242497762048,25.756346608300184,141.3650142737535,1.5191652632836838,0.0012844799925915,0.0869685870056152,1,High UHI
20250331_326,2025-03-31,19.590243243243272,73.06262745098039,32.937149302164755,0.289,32.937149302164755,10.18557192484542,24.760965243585314,128.58713534252854,1.2135737467674153,0.0012844799925915,0.9255526711436552,1,High UHI
20250331_327,2025-03-31,19.590243243243272,73.11164705882352,32.937149302164755,0.2684,32.937149302164755,10.18557192484542,24.760965243585314,128.58713534252854,1.2135737467674153,0.0012844799925915,1.0661698580774652,1,High UHI
20250331_328,2025-03-31,19.590243243243272,73.16066666666666,33.127741750081384,0.2908,33.127741750081384,9.83230044047042,23.924263964323416,119.52088743636833,1.0270235793995042,0.00182092179557,0.7391595676388012,1,High UHI
20250331_329,2025-03-31,19.590243243243272,73.20968627450979,33.127741750081384,0.3202,33.127741750081384,9.83230044047042,23.924263964323416,119.52088743636833,1.0270235793995042,0.00182092179557,0.0086231311340332,1,High UHI
20250331_330,2025-03-31,19.590243243243272,73.25870588235293,32.83273849487307,0.0026,32.83273849487307,10.867619450887048,26.06586291369376,113.46486383055672,0.8804403347325418,0.0026404856612316,0.0183688405456542,1,High UHI
20250331_331,2025-03-31,19.590243243243272,73.30772549019606,32.83273849487307,0.3261,32.83273849487307,10.867619450887048,26.06586291369376,113.46486383055672,0.8804403347325418,0.0026404856612316,0.0,1,High UHI
20250331_332,2025-03-31,19.590243243243272,73.3567450980392,32.83273849487307,0.3712,32.969131724039755,10.54616762797042,25.31866454938002,106.52191383240137,0.7494439042061063,0.0104635952880016,0.2795632737502155,1,High UHI
20250331_333,2025-03-31,19.590243243243272,73.40576470588233,32.969131724039755,0.2525,32.969131724039755,10.54616762797042,25.31866454938002,106.52191383240137,0.7494439042061063,0.0104635952880016,1.7919095082629632,1,High UHI
20250331_334,2025-03-31,19.590243243243272,73.45478431372547,32.688614145914755,0.3571,32.688614145914755,9.941838200887048,24.703965831824537,104.2294848991564,0.6364650353043844,0.0322937964369884,0.013870970336914,1,High UHI
20250331_335,2025-03-31,19.590243243243272,73.5038039215686,32.688614145914755,0.3217,32.688614145914755,9.941838200887048,24.703965831824537,104.2294848991564,0.6364650353043844,0.0322937964369884,0.1293297500610351,1,High UHI
20250331_336,2025-03-31,19.590243243243272,73.55282352941174,31.655085500081384,0.365,32.688614145914755,9.941838200887048,24.703965831824537,104.2294848991564,0.6364650353043844,0.0322937964369884,0.0266183797912597,1,High UHI
20250331_337,2025-03-31,19.590243243243272,73.60184313725487,31.655085500081384,0.3387,31.655085500081384,8.488875961303734,23.750216419275343,112.74234427270775,0.5224669240950243,0.0320851801802746,0.0,1,High UHI
20250331_338,2025-03-31,19.590243243243272,73.65086274509801,30.03171310424807,0.5814,31.655085500081384,8.488875961303734,23.750216419275343,112.74234427270775,0.5224669240950243,0.0320851801802746,0.2713326396983427,1,High UHI
20250331_339,2025-03-31,19.590243243243272,73.69988235294115,30.03171310424807,0.3109,30.03171310424807,7.835555648803734,24.92850736445192,124.04378704512428,0.4438664106567946,0.0316083430220714,0.0188171370841231,1,High UHI
20250331_340,2025-03-31,19.63528828828832,72.76850980392157,31.10715255737307,0.4465,31.10715255737307,13.852157211303734,34.97504322738271,153.80256768545473,2.3685383738354826,0.0012844799925915,0.5535415215414609,1,High UHI
20250331_341,2025-03-31,19.63528828828832,72.81752941176471,31.10715255737307,0.331,31.10715255737307,13.852157211303734,34.97504322738271,153.80256768545473,2.3685383738354826,0.0012844799925915,0.1939619076548856,1,High UHI
20250331_342,2025-03-31,19.63528828828832,72.86654901960785,31.10715255737307,0.3591,31.704727427164755,11.844588851928734,29.6412070058558,149.00878617072385,1.867924457219215,0.0012844799925915,0.0911840625397327,1,High UHI
20250331_343,2025-03-31,19.63528828828832,72.91556862745098,31.704727427164755,0.4501,31.704727427164755,11.844588851928734,29.6412070058558,149.00878617072385,1.867924457219215,0.0012844799925915,1.036710067149444,1,High UHI
20250331_344,2025-03-31,19.63528828828832,72.96458823529412,32.558731333414755,0.3437,32.558731333414755,10.456242497762048,25.756346608300184,141.3650142737535,1.5191652632836838,0.0012844799925915,0.1071826034240722,1,High UHI
20250331_345,2025-03-31,19.63528828828832,73.01360784313725,32.558731333414755,0.3866,32.558731333414755,10.456242497762048,25.756346608300184,141.3650142737535,1.5191652632836838,0.0012844799925915,0.2012559736022949,1,High UHI
20250331_346,2025-03-31,19.63528828828832,73.06262745098039,32.937149302164755,0.3252,32.937149302164755,10.18557192484542,24.760965243585314,128.58713534252854,1.2135737467674153,0.0012844799925915,0.1472961576538086,1,High UHI
20250331_347,2025-03-31,19.63528828828832,73.11164705882352,32.937149302164755,0.3505,32.937149302164755,10.18557192484542,24.760965243585314,128.58713534252854,1.2135737467674153,0.0012844799925915,0.9598436854669312,1,High UHI
20250331_348,2025-03-31,19.63528828828832,73.16066666666666,33.127741750081384,0.4281,33.127741750081384,9.83230044047042,23.924263964323416,119.52088743636833,1.0270235793995042,0.00182092179557,1.5018396065892838,1,High UHI
20250331_349,2025-03-31,19.63528828828832,73.20968627450979,33.127741750081384,0.3585,33.127741750081384,9.83230044047042,23.924263964323416,119.52088743636833,1.0270235793995042,0.00182092179557,0.0637100127868652,1,High UHI
20250331_350,2025-03-31,19.63528828828832,73.25870588235293,32.83273849487307,0.3386,32.83273849487307,10.867619450887048,26.06586291369376,113.46486383055672,0.8804403347325418,0.0026404856612316,0.0164887893676757,1,High UHI
20250331_351,2025-03-31,19.63528828828832,73.30772549019606,32.83273849487307,0.2977,32.83273849487307,10.867619450887048,26.06586291369376,113.46486383055672,0.8804403347325418,0.0026404856612316,0.0741999099731445,1,High UHI
20250331_352,2025-03-31,19.63528828828832,73.3567450980392,32.83273849487307,0.4032,32.969131724039755,10.54616762797042,25.31866454938002,106.52191383240137,0.7494439042061063,0.0104635952880016,0.0269838335876464,1,High UHI
20250331_353,2025-03-31,19.63528828828832,73.40576470588233,32.969131724039755,0.338,32.969131724039755,10.54616762797042,25.31866454938002,106.52191383240137,0.7494439042061063,0.0104635952880016,0.5700192249414782,1,High UHI
20250331_354,2025-03-31,19.63528828828832,73.45478431372547,32.688614145914755,0.325,32.688614145914755,9.941838200887048,24.703965831824537,104.2294848991564,0.6364650353043844,0.0322937964369884,2.45334137130486,1,High UHI
20250331_355,2025-03-31,19.63528828828832,73.5038039215686,32.688614145914755,0.3668,32.688614145914755,9.941838200887048,24.703965831824537,104.2294848991564,0.6364650353043844,0.0322937964369884,0.5418941914256374,1,High UHI
20250331_356,2025-03-31,19.63528828828832,73.55282352941174,31.655085500081384,0.3249,32.688614145914755,9.941838200887048,24.703965831824537,104.2294848991564,0.6364650353043844,0.0322937964369884,0.1723912579040527,1,High UHI
20250331_357,2025-03-31,19.63528828828832,73.60184313725487,31.655085500081384,0.3298,31.655085500081384,8.488875961303734,23.750216419275343,112.74234427270775,0.5224669240950243,0.0320851801802746,0.3676449405822753,1,High UHI
20250331_358,2025-03-31,19.63528828828832,73.65086274509801,30.03171310424807,0.3337,31.655085500081384,8.488875961303734,23.750216419275343,112.74234427270775,0.5224669240950243,0.0320851801802746,0.2863619692299037,1,High UHI
20250331_359,2025-03-31,19.63528828828832,73.69988235294115,30.03171310424807,0.3134,30.03171310424807,7.835555648803734,24.92850736445192,124.04378704512428,0.4438664106567946,0.0316083430220714,0.3793281504659017,1,High UHI
20250331_360,2025-03-31,19.680333333333365,72.76850980392157,31.186416880289755,0.3238,31.186416880289755,13.028670883178734,32.99789819910511,157.14288713607897,2.456784451195172,0.0012844799925915,8.852403189605594,1,High UHI
20250331_361,2025-03-31,19.680333333333365,72.81752941176471,31.186416880289755,0.4387,31.186416880289755,13.028670883178734,32.99789819910511,157.14288713607897,2.456784451195172,0.0012844799925915,0.1796965859895593,1,High UHI
20250331_362,2025-03-31,19.680333333333365,72.86654901960785,31.186416880289755,0.3823,31.801814015706384,11.036320622762048,27.942379036917025,154.07648425358116,1.9439714697235195,0.0012844799925915,0.3590392273831236,1,High UHI
20250331_363,2025-03-31,19.680333333333365,72.91556862745098,31.801814015706384,0.3619,31.801814015706384,11.036320622762048,27.942379036917025,154.07648425358116,1.9439714697235195,0.0012844799925915,0.7547929605754777,1,High UHI
20250331_364,2025-03-31,19.680333333333365,72.96458823529412,32.721003468831384,0.4182,32.721003468831384,10.075057601928734,24.879796763774443,150.91804700004005,1.6437991109587136,0.0012844799925915,0.2225303358698826,1,High UHI
20250331_365,2025-03-31,19.680333333333365,73.01360784313725,32.721003468831384,0.3196,32.721003468831384,10.075057601928734,24.879796763774443,150.91804700004005,1.6437991109587136,0.0012844799925915,0.6983113376369102,1,High UHI
20250331_366,2025-03-31,19.680333333333365,73.06262745098039,33.406794484456384,0.4104,33.406794484456384,9.388615544637048,22.86072786530801,143.68068972900602,1.3144320530769436,0.0012844799925915,0.4801681686663459,1,High UHI
20250331_367,2025-03-31,19.680333333333365,73.11164705882352,33.406794484456384,0.336,33.406794484456384,9.388615544637048,22.86072786530801,143.68068972900602,1.3144320530769436,0.0012844799925915,0.2018614760402305,1,High UHI
20250331_368,2025-03-31,19.680333333333365,73.16066666666666,33.49802169799807,0.3388,33.49802169799807,8.953068669637048,22.08612436774071,137.95396332382447,1.0811786200059057,0.0017464159896007,0.1959710909729003,1,High UHI
20250331_369,2025-03-31,19.680333333333365,73.20968627450979,33.49802169799807,0.3874,33.49802169799807,8.953068669637048,22.08612436774071,137.95396332382447,1.0811786200059057,0.0017464159896007,0.0393389432373046,1,High UHI
20250331_370,2025-03-31,19.680333333333365,73.25870588235293,33.244440968831384,0.3372,33.244440968831384,9.085067367553734,22.603149305230865,136.758941388971,0.9148621349195282,0.0021487473418346,0.0652023538513183,1,High UHI
20250331_371,2025-03-31,19.680333333333365,73.30772549019606,33.244440968831384,0.3164,33.244440968831384,9.085067367553734,22.603149305230865,136.758941388971,0.9148621349195282,0.0021487473418346,0.0026229573669433,1,High UHI
20250331_372,2025-03-31,19.680333333333365,73.3567450980392,33.244440968831384,0.3785,32.754450734456384,9.587834294637048,24.034851328157792,136.13464653000128,0.7562600523466386,0.005829334156715,0.0037471101074218,1,High UHI
20250331_373,2025-03-31,19.680333333333365,73.40576470588233,32.754450734456384,0.3482,32.754450734456384,9.587834294637048,24.034851328157792,136.13464653000128,0.7562600523466386,0.005829334156715,0.0021806134872137,1,High UHI
20250331_374,2025-03-31,19.680333333333365,73.45478431372547,32.30222091674807,0.3726,32.30222091674807,8.985946273803734,23.67728435185528,136.0771658829584,0.6336107974558252,0.0437974928786388,0.0742489845657647,1,High UHI
20250331_375,2025-03-31,19.680333333333365,73.5038039215686,32.30222091674807,0.3571,32.30222091674807,8.985946273803734,23.67728435185528,136.0771658829584,0.6336107974558252,0.0437974928786388,1.3406927341326544,1,High UHI
20250331_376,2025-03-31,19.680333333333365,73.55282352941174,31.417536671956384,0.2515,32.30222091674807,8.985946273803734,23.67728435185528,136.0771658829584,0.6336107974558252,0.0437974928786388,6.670542458836694,1,High UHI
20250331_377,2025-03-31,19.680333333333365,73.60184313725487,31.417536671956384,0.3288,31.417536671956384,8.480412419637048,24.05949655627937,139.66499472153217,0.53277703050618,0.0766992567946545,2.3579036785314225,1,High UHI
20250331_378,2025-03-31,19.680333333333365,73.65086274509801,30.424128468831384,0.3288,31.417536671956384,8.480412419637048,24.05949655627937,139.66499472153217,0.53277703050618,0.0766992567946545,1.0675470415045043,1,High UHI
20250331_379,2025-03-31,19.680333333333365,73.69988235294115,30.424128468831384,0.324,30.424128468831384,8.74733950297042,25.928876308165087,153.7284066560648,0.5049515865500449,0.0758498906066051,0.564305669180956,1,High UHI
20250331_380,2025-03-31,19.72537837837841,72.76850980392157,31.186416880289755,0.3174,31.186416880289755,13.028670883178734,32.99789819910511,157.14288713607897,2.456784451195172,0.0012844799925915,3.4877231389924983,1,High UHI
20250331_381,2025-03-31,19.72537837837841,72.81752941176471,31.186416880289755,0.5033,31.186416880289755,13.028670883178734,32.99789819910511,157.14288713607897,2.456784451195172,0.0012844799925915,0.4265949149661793,1,High UHI
20250331_382,2025-03-31,19.72537837837841,72.86654901960785,31.186416880289755,0.334,31.801814015706384,11.036320622762048,27.942379036917025,154.07648425358116,1.9439714697235195,0.0012844799925915,0.153923784067311,1,High UHI
20250331_383,2025-03-31,19.72537837837841,72.91556862745098,31.801814015706384,0.3084,31.801814015706384,11.036320622762048,27.942379036917025,154.07648425358116,1.9439714697235195,0.0012844799925915,2.4436854176972043,1,High UHI
20250331_384,2025-03-31,19.72537837837841,72.96458823529412,32.721003468831384,0.3375,32.721003468831384,10.075057601928734,24.879796763774443,150.91804700004005,1.6437991109587136,0.0012844799925915,0.5740680889526375,1,High UHI
20250331_385,2025-03-31,19.72537837837841,73.01360784313725,32.721003468831384,0.3511,32.721003468831384,10.075057601928734,24.879796763774443,150.91804700004005,1.6437991109587136,0.0012844799925915,0.2469315779454848,1,High UHI
20250331_386,2025-03-31,19.72537837837841,73.06262745098039,33.406794484456384,0.3202,33.406794484456384,9.388615544637048,22.86072786530801,143.68068972900602,1.3144320530769436,0.0012844799925915,0.2711793296508789,1,High UHI
20250331_387,2025-03-31,19.72537837837841,73.11164705882352,33.406794484456384,0.4266,33.406794484456384,9.388615544637048,22.86072786530801,143.68068972900602,1.3144320530769436,0.0012844799925915,0.1210807914227653,1,High UHI
20250331_388,2025-03-31,19.72537837837841,73.16066666666666,33.49802169799807,0.3415,33.49802169799807,8.953068669637048,22.08612436774071,137.95396332382447,1.0811786200059057,0.0017464159896007,0.1231466063738654,1,High UHI
20250331_389,2025-03-31,19.72537837837841,73.20968627450979,33.49802169799807,0.3504,33.49802169799807,8.953068669637048,22.08612436774071,137.95396332382447,1.0811786200059057,0.0017464159896007,0.0183519777526855,1,High UHI
20250331_390,2025-03-31,19.72537837837841,73.25870588235293,33.244440968831384,0.2827,33.244440968831384,9.085067367553734,22.603149305230865,136.758941388971,0.9148621349195282,0.0021487473418346,0.090279169921875,1,High UHI
20250331_391,2025-03-31,19.72537837837841,73.30772549019606,33.244440968831384,0.3632,33.244440968831384,9.085067367553734,22.603149305230865,136.758941388971,0.9148621349195282,0.0021487473418346,0.0037459328002929,1,High UHI
20250331_392,2025-03-31,19.72537837837841,73.3567450980392,33.244440968831384,0.4123,32.754450734456384,9.587834294637048,24.034851328157792,136.13464653000128,0.7562600523466386,0.005829334156715,0.0058044469221526,1,High UHI
20250331_393,2025-03-31,19.72537837837841,73.40576470588233,32.754450734456384,0.4971,32.754450734456384,9.587834294637048,24.034851328157792,136.13464653000128,0.7562600523466386,0.005829334156715,0.0094692074292949,1,High UHI
20250331_394,2025-03-31,19.72537837837841,73.45478431372547,32.30222091674807,0.2887,32.30222091674807,8.985946273803734,23.67728435185528,136.0771658829584,0.6336107974558252,0.0437974928786388,0.1808236416917988,1,High UHI
20250331_395,2025-03-31,19.72537837837841,73.5038039215686,32.30222091674807,0.2946,32.30222091674807,8.985946273803734,23.67728435185528,136.0771658829584,0.6336107974558252,0.0437974928786388,0.0344626225891113,1,High UHI
20250331_396,2025-03-31,19.72537837837841,73.55282352941174,31.417536671956384,0.4287,32.30222091674807,8.985946273803734,23.67728435185528,136.0771658829584,0.6336107974558252,0.0437974928786388,0.2039410235948749,1,High UHI
20250331_397,2025-03-31,19.72537837837841,73.60184313725487,31.417536671956384,0.3647,31.417536671956384,8.480412419637048,24.05949655627937,139.66499472153217,0.53277703050618,0.0766992567946545,2.514434279525698,1,High UHI
20250331_398,2025-03-31,19.72537837837841,73.65086274509801,30.424128468831384,0.3213,31.417536671956384,8.480412419637048,24.05949655627937,139.66499472153217,0.53277703050618,0.0766992567946545,5.050348986907116,1,High UHI
20250331_399,2025-03-31,19.72537837837841,73.69988235294115,30.424128468831384,0.3491,30.424128468831384,8.74733950297042,25.928876308165087,153.7284066560648,0.5049515865500449,0.0758498906066051,1.3085727512250114,1,High UHI
20250331_400,2025-03-31,19.77042342342346,72.76850980392157,31.309463755289755,0.3277,31.309463755289755,12.270370101928734,31.17771222072464,160.4035203487893,2.5464989216887948,0.0012844799925915,10.018613513354016,1,High UHI
20250331_401,2025-03-31,19.77042342342346,72.81752941176471,31.309463755289755,0.4014,31.309463755289755,12.270370101928734,31.17771222072464,160.4035203487893,2.5464989216887948,0.0012844799925915,1.1335062388061523,1,High UHI
20250331_402,2025-03-31,19.77042342342346,72.86654901960785,31.309463755289755,0.292,32.07297286987307,9.75612856547042,25.262427299065983,158.27805602726582,2.023261593605901,0.0012844799925915,0.3267128513869342,1,High UHI
20250331_403,2025-03-31,19.77042342342346,72.91556862745098,32.07297286987307,0.2531,32.07297286987307,9.75612856547042,25.262427299065983,158.27805602726582,2.023261593605901,0.0012844799925915,1.1690533054887364,1,High UHI
20250331_404,2025-03-31,19.77042342342346,72.96458823529412,32.85202560424807,0.3419,32.85202560424807,8.92678286234542,22.862197368550003,156.6086126761164,1.733884036617825,0.0012844799925915,0.0393207453918457,1,High UHI
20250331_405,2025-03-31,19.77042342342346,73.01360784313725,32.85202560424807,0.4452,32.85202560424807,8.92678286234542,22.862197368550003,156.6086126761164,1.733884036617825,0.0012844799925915,0.1477768104699228,1,High UHI
20250331_406,2025-03-31,19.77042342342346,73.06262745098039,33.47507247924807,0.3664,33.47507247924807,8.076603825887048,20.839692455183936,153.66712878927575,1.4375343197704622,0.0012844799925915,0.2720048767008464,1,High UHI
20250331_407,2025-03-31,19.77042342342346,73.11164705882352,33.47507247924807,0.3722,33.47507247924807,8.076603825887048,20.839692455183936,153.66712878927575,1.4375343197704622,0.0012844799925915,0.1210516734894397,1,High UHI
20250331_408,2025-03-31,19.77042342342346,73.16066666666666,33.369522349039755,0.3943,33.369522349039755,7.653263982137048,20.367765433819866,153.32316254763708,1.2393395209097329,0.0012844799925915,0.0288347976074218,1,High UHI
20250331_409,2025-03-31,19.77042342342346,73.20968627450979,33.369522349039755,0.3507,33.369522349039755,7.653263982137048,20.367765433819866,153.32316254763708,1.2393395209097329,0.0012844799925915,0.0325818122863769,1,High UHI
20250331_410,2025-03-31,19.77042342342346,73.25870588235293,32.84567794799807,0.3607,32.84567794799807,8.11794497172042,21.650965563811013,155.44615389176232,1.083754794154206,0.0012844799925915,0.0190968626403808,1,High UHI
20250331_411,2025-03-31,19.77042342342346,73.30772549019606,32.84567794799807,0.4038,32.84567794799807,8.11794497172042,21.650965563811013,155.44615389176232,1.083754794154206,0.0012844799925915,0.0014977525024414,1,High UHI
20250331_412,2025-03-31,19.77042342342346,73.3567450980392,32.84567794799807,0.3762,32.338923390706384,7.489933904012048,21.346069327281693,158.35369687406163,0.9319251525063514,0.0021785496642223,0.0840762944108551,1,High UHI
20250331_413,2025-03-31,19.77042342342346,73.40576470588233,32.338923390706384,0.3306,32.338923390706384,7.489933904012048,21.346069327281693,158.35369687406163,0.9319251525063514,0.0021785496642223,0.5236097827716902,1,High UHI
20250331_414,2025-03-31,19.77042342342346,73.45478431372547,31.477676645914755,0.3229,31.477676645914755,7.638778305053734,22.64372653392866,161.4971326295727,0.822112871066917,0.0431567429473034,0.0779681202416513,1,High UHI
20250331_415,2025-03-31,19.77042342342346,73.5038039215686,31.477676645914755,0.4152,31.477676645914755,7.638778305053734,22.64372653392866,161.4971326295727,0.822112871066917,0.0431567429473034,0.0112335139770507,1,High UHI
20250331_416,2025-03-31,19.77042342342346,73.55282352941174,30.84958419799807,0.2589,31.477676645914755,7.638778305053734,22.64372653392866,161.4971326295727,0.822112871066917,0.0431567429473034,0.1346930437717811,1,High UHI
20250331_417,2025-03-31,19.77042342342346,73.60184313725487,30.84958419799807,0.3744,30.84958419799807,9.36794497172042,26.386737964343705,165.41656587601372,0.7198407288394992,0.0858783720900646,0.567867815104765,1,High UHI
20250331_418,2025-03-31,19.77042342342346,73.65086274509801,31.13034591674807,0.2583,30.84958419799807,9.36794497172042,26.386737964343705,165.41656587601372,0.7198407288394992,0.0858783720900646,4.3185677226617525,1,High UHI
20250331_419,2025-03-31,19.77042342342346,73.69988235294115,31.13034591674807,0.3942,31.13034591674807,9.35671450297042,25.947430651602577,168.38420469453715,0.6688845978714562,0.1086175440718761,0.8303941507361319,1,High UHI
20250331_420,2025-03-31,19.815468468468502,72.76850980392157,31.309463755289755,0.3728,31.309463755289755,12.270370101928734,31.17771222072464,160.4035203487893,2.5464989216887948,0.0012844799925915,10.141601290367548,1,High UHI
20250331_421,2025-03-31,19.815468468468502,72.81752941176471,31.309463755289755,0.425,31.309463755289755,12.270370101928734,31.17771222072464,160.4035203487893,2.5464989216887948,0.0012844799925915,0.1919767519155465,1,High UHI
20250331_422,2025-03-31,19.815468468468502,72.86654901960785,31.309463755289755,0.3808,32.07297286987307,9.75612856547042,25.262427299065983,158.27805602726582,2.023261593605901,0.0012844799925915,0.0460934460018382,1,High UHI
20250331_423,2025-03-31,19.815468468468502,72.91556862745098,32.07297286987307,0.4465,32.07297286987307,9.75612856547042,25.262427299065983,158.27805602726582,2.023261593605901,0.0012844799925915,0.5709361504169541,1,High UHI
20250331_424,2025-03-31,19.815468468468502,72.96458823529412,32.85202560424807,0.4044,32.85202560424807,8.92678286234542,22.862197368550003,156.6086126761164,1.733884036617825,0.0012844799925915,0.3911985066817938,1,High UHI
20250331_425,2025-03-31,19.815468468468502,73.01360784313725,32.85202560424807,0.3714,32.85202560424807,8.92678286234542,22.862197368550003,156.6086126761164,1.733884036617825,0.0012844799925915,0.063269432434082,1,High UHI
20250331_426,2025-03-31,19.815468468468502,73.06262745098039,33.47507247924807,0.3386,33.47507247924807,8.076603825887048,20.839692455183936,153.66712878927575,1.4375343197704622,0.0012844799925915,0.07580877943941,1,High UHI
20250331_427,2025-03-31,19.815468468468502,73.11164705882352,33.47507247924807,0.3748,33.47507247924807,8.076603825887048,20.839692455183936,153.66712878927575,1.4375343197704622,0.0012844799925915,0.3886396905822754,1,High UHI
20250331_428,2025-03-31,19.815468468468502,73.16066666666666,33.369522349039755,0.3167,33.369522349039755,7.653263982137048,20.367765433819866,153.32316254763708,1.2393395209097329,0.0012844799925915,0.0647666835327148,1,High UHI
20250331_429,2025-03-31,19.815468468468502,73.20968627450979,33.369522349039755,0.3807,33.369522349039755,7.653263982137048,20.367765433819866,153.32316254763708,1.2393395209097329,0.0012844799925915,0.0093587299194335,1,High UHI
20250331_430,2025-03-31,19.815468468468502,73.25870588235293,32.84567794799807,0.363,32.84567794799807,8.11794497172042,21.650965563811013,155.44615389176232,1.083754794154206,0.0012844799925915,0.0378136771240234,1,High UHI
20250331_431,2025-03-31,19.815468468468502,73.30772549019606,32.84567794799807,0.3108,32.84567794799807,8.11794497172042,21.650965563811013,155.44615389176232,1.083754794154206,0.0012844799925915,0.0,1,High UHI
20250331_432,2025-03-31,19.815468468468502,73.3567450980392,32.84567794799807,0.2878,32.338923390706384,7.489933904012048,21.346069327281693,158.35369687406163,0.9319251525063514,0.0021785496642223,0.0146007686157226,1,High UHI
20250331_433,2025-03-31,19.815468468468502,73.40576470588233,32.338923390706384,0.3934,32.338923390706384,7.489933904012048,21.346069327281693,158.35369687406163,0.9319251525063514,0.0021785496642223,0.0661218399022719,1,High UHI
20250331_434,2025-03-31,19.815468468468502,73.45478431372547,31.477676645914755,0.3463,31.477676645914755,7.638778305053734,22.64372653392866,161.4971326295727,0.822112871066917,0.0431567429473034,0.0946770547301048,1,High UHI
20250331_435,2025-03-31,19.815468468468502,73.5038039215686,31.477676645914755,0.3101,31.477676645914755,7.638778305053734,22.64372653392866,161.4971326295727,0.822112871066917,0.0431567429473034,0.1968460587299421,1,High UHI
20250331_436,2025-03-31,19.815468468468502,73.55282352941174,30.84958419799807,0.2081,31.477676645914755,7.638778305053734,22.64372653392866,161.4971326295727,0.822112871066917,0.0431567429473034,0.3984030480632706,1,High UHI
20250331_437,2025-03-31,19.815468468468502,73.60184313725487,30.84958419799807,0.332,30.84958419799807,9.36794497172042,26.386737964343705,165.41656587601372,0.7198407288394992,0.0858783720900646,0.6547775187132593,1,High UHI
20250331_438,2025-03-31,19.815468468468502,73.65086274509801,31.13034591674807,0.1025,30.84958419799807,9.36794497172042,26.386737964343705,165.41656587601372,0.7198407288394992,0.0858783720900646,3.4324258213635024,1,High UHI
20250331_439,2025-03-31,19.815468468468502,73.69988235294115,31.13034591674807,0.4567,31.13034591674807,9.35671450297042,25.947430651602577,168.38420469453715,0.6688845978714562,0.1086175440718761,2.497428883933272,1,High UHI
